ano_de_exercicio;contratoconvenio_entrada;unidade_orcamentaria_codigo;unidade_orcamentaria_nome;numero_empenho;data_registro_doc_empenho;numero_processo_compra_siad;licitacao_descricao_da_modalidade;elemento_despesa_codigo;elemento_despesa_descricao;elemento_item_despesa_codigo;elemento_item_despesa_descricao;fonte_recurso_codigo;fonte_recurso_descricao;cnpj_cpf_credor_formatado;razao_social_credor;valor_despesa_empenhada;valor_despesa_liquidada;valor_pago_financeiro;valor_despesa_liquidada_1;valor_cancelado_processado;valor_restabelecido_processado;valor_cancelado_nao_processado;valor_restabelecido_nao_processado;valor_cancelado_em_restoa_a_pagar_10_11_12_13;valor_empenhado_efetivo_6_14;valor_pago_processado;valor_pago_nao_processado;valor_pago_em_restos_a_pagar_16_17;valor_total_pago_8_18
2025;9452379;2301;DEPARTAMENTO DE ESTRADAS DE RODAGEM DO ESTADO DE MINAS GERAIS;151;2025-03-11;2301762 000006/2024;CONCORRENCIA - LEI 14.133;51;OBRAS E INSTALACOES;5107;EXECUCAO DE OBRAS POR CONTRATO DE BENS NAO PATRIMONIAVEIS;80;RECURSOS DO ACORDO DE REPACTUACAO DO RIO DOCE;17.161.464/0001-82;CIMCOP S/A ENGENHARIA E CONSTRUCOES;39332270,21;30220254,87;29857611,79;;;;;;;39332270,21;;;;29857611,79
2025;9452379;2301;DEPARTAMENTO DE ESTRADAS DE RODAGEM DO ESTADO DE MINAS GERAIS;152;2025-03-11;2301762 000027/2023;CONCORRENCIA;51;OBRAS E INSTALACOES;5107;EXECUCAO DE OBRAS POR CONTRATO DE BENS NAO PATRIMONIAVEIS;80;RECURSOS DO ACORDO DE REPACTUACAO DO RIO DOCE;68.505.189/0001-08;EMCONBRAS EMPRESA DE CONSERVACAO BRASILEIRA LTDA;353331,5;353331,5;349091,52;;;;;;;353331,5;;;;349091,52
2025;9452379;2301;DEPARTAMENTO DE ESTRADAS DE RODAGEM DO ESTADO DE MINAS GERAIS;153;2025-03-11;2301762 000042/2019;CONCORRENCIA;51;OBRAS E INSTALACOES;5107;EXECUCAO DE OBRAS POR CONTRATO DE BENS NAO PATRIMONIAVEIS;80;RECURSOS DO ACORDO DE REPACTUACAO DO RIO DOCE;17.311.358/0001-38;CONSTRUTORA SAGENDRA LTDA;818017,65;818017,65;808201,43;;;;;;;818017,65;;;;808201,43
2025;9452379;2301;DEPARTAMENTO DE ESTRADAS DE RODAGEM DO ESTADO DE MINAS GERAIS;154;2025-03-11;2301762 000036/2023;CONCORRENCIA;51;OBRAS E INSTALACOES;5107;EXECUCAO DE OBRAS POR CONTRATO DE BENS NAO PATRIMONIAVEIS;80;RECURSOS DO ACORDO DE REPACTUACAO DO RIO DOCE;25.955.246/0001-48;IPE ENGENHARIA LTDA;17942793,85;16755662,85;16554594,91;;;;;;;17942793,85;;;;16554594,91
2025;9452379;2301;DEPARTAMENTO DE ESTRADAS DE RODAGEM DO ESTADO DE MINAS GERAIS;155;2025-03-11;2301762 000036/2023;CONCORRENCIA;51;OBRAS E INSTALACOES;5107;EXECUCAO DE OBRAS POR CONTRATO DE BENS NAO PATRIMONIAVEIS;80;RECURSOS DO ACORDO DE REPACTUACAO DO RIO DOCE;42.875.401/0001-35;ABRIL CONSTRUCOES E SERVICOS LTDA;321432,57;280456,68;277091,2;;;;;;;321432,57;;;;277091,2
2025;9452379;2301;DEPARTAMENTO DE ESTRADAS DE RODAGEM DO ESTADO DE MINAS GERAIS;156;2025-03-11;2301762 000087/2021;CONCORRENCIA;51;OBRAS E INSTALACOES;5107;EXECUCAO DE OBRAS POR CONTRATO DE BENS NAO PATRIMONIAVEIS;80;RECURSOS DO ACORDO DE REPACTUACAO DO RIO DOCE;19.230.918/0001-55;GUAXIMA ENGENHARIA LTDA;2692700,13;2692700,13;2660387,73;;;;;;;2692700,13;;;;2660387,73
2025;9452379;2301;DEPARTAMENTO DE ESTRADAS DE RODAGEM DO ESTADO DE MINAS GERAIS;157;2025-03-11;2301762 000027/2023;CONCORRENCIA;51;OBRAS E INSTALACOES;5107;EXECUCAO DE OBRAS POR CONTRATO DE BENS NAO PATRIMONIAVEIS;80;RECURSOS DO ACORDO DE REPACTUACAO DO RIO DOCE;00.329.295/0001-44;EMPAV EMPREENDIMENTOS E PAVIMENTACAO LTDA;11117138,72;8497833,65;8395859,64;;;;;;;11117138,72;;;;8395859,64
2025;9452379;2301;DEPARTAMENTO DE ESTRADAS DE RODAGEM DO ESTADO DE MINAS GERAIS;158;2025-03-11;2301762 000027/2023;CONCORRENCIA;51;OBRAS E INSTALACOES;5107;EXECUCAO DE OBRAS POR CONTRATO DE BENS NAO PATRIMONIAVEIS;80;RECURSOS DO ACORDO DE REPACTUACAO DO RIO DOCE;26.107.318/0001-60;E. B. O. - EMPRESA BRASILEIRA DE OBRAS LTDA;2554559,79;2124458,41;2098964,92;;;;;;;2554559,79;;;;2098964,92
2025;9452379;2301;DEPARTAMENTO DE ESTRADAS DE RODAGEM DO ESTADO DE MINAS GERAIS;198;2025-03-14;2301762 000027/2023;CONCORRENCIA;51;OBRAS E INSTALACOES;5107;EXECUCAO DE OBRAS POR CONTRATO DE BENS NAO PATRIMONIAVEIS;80;RECURSOS DO ACORDO DE REPACTUACAO DO RIO DOCE;68.505.189/0001-08;EMCONBRAS EMPRESA DE CONSERVACAO BRASILEIRA LTDA;15525138,51;14559677,23;14384961,07;;;;;;;15525138,51;;;;14384961,07
2025;9468055;1501;SECRETARIA DE ESTADO DE PLANEJAMENTO E GESTAO;30;2025-05-20;0000000 000000/0000;NÃO SE APLICA;30;MATERIAL DE CONSUMO;3026;COMBUSTIVEIS E LUBRIFICANTES PARA VEICULOS AUTOMOTORES;80;RECURSOS DO ACORDO DE REPACTUACAO DO RIO DOCE;083.108.356/55;THAIS CRISTINA LOPES DE ARAUJO VILAS BOAS;90,0;90,0;90,0;;;;;;;90,0;;;;90,0
2025;9452379;2301;DEPARTAMENTO DE ESTRADAS DE RODAGEM DO ESTADO DE MINAS GERAIS;261;2025-06-02;2301520 000024/2024;CONCORRENCIA - LEI 14.133;51;OBRAS E INSTALACOES;5107;EXECUCAO DE OBRAS POR CONTRATO DE BENS NAO PATRIMONIAVEIS;80;RECURSOS DO ACORDO DE REPACTUACAO DO RIO DOCE;66.418.765/0001-54;CONSTRUTORA CENTRO LESTE ENGENHARIA LTDA;14200000,0;7612990,17;7521634,28;;;;;;;14200000,0;;;;7521634,28
2025;9468055;1501;SECRETARIA DE ESTADO DE PLANEJAMENTO E GESTAO;37;2025-06-06;0000000 000000/0000;NÃO SE APLICA;33;PASSAGENS E DESPESAS COM LOCOMOCAO;3302;DESPESAS COM TRANSPORTE URBANO, PEDAGIO E ESTACIONAMETO PESSOA FISICA;80;RECURSOS DO ACORDO DE REPACTUACAO DO RIO DOCE;103.900.616/70;ANA CLAUDIA MACHADO BOTELHO;447,14;447,14;447,14;;;;;;;447,14;;;;447,14
2025;9452379;2301;DEPARTAMENTO DE ESTRADAS DE RODAGEM DO ESTADO DE MINAS GERAIS;261;2025-06-12;2301762 000002/2025;REGISTRO DE PRECO REALIZADO NO SIRP - LEI 14.133;51;OBRAS E INSTALACOES;5112;MATERIAL PARA OBRAS - BENS NAO PATRIMONIAVEIS;80;RECURSOS DO ACORDO DE REPACTUACAO DO RIO DOCE;01.593.821/0010-32;CENTRO OESTE ASFALTOS S/A;177068,91;177068,91;176622,87;;;;;;;177068,91;;;;176622,87
2025;9452379;2301;DEPARTAMENTO DE ESTRADAS DE RODAGEM DO ESTADO DE MINAS GERAIS;262;2025-06-12;2301762 000002/2025;REGISTRO DE PRECO REALIZADO NO SIRP - LEI 14.133;51;OBRAS E INSTALACOES;5112;MATERIAL PARA OBRAS - BENS NAO PATRIMONIAVEIS;80;RECURSOS DO ACORDO DE REPACTUACAO DO RIO DOCE;01.593.821/0010-32;CENTRO OESTE ASFALTOS S/A;0,0;0,0;0,0;;;;;;;0,0;;;;0,0
2025;9452379;2301;DEPARTAMENTO DE ESTRADAS DE RODAGEM DO ESTADO DE MINAS GERAIS;263;2025-06-12;2301762 000002/2025;REGISTRO DE PRECO REALIZADO NO SIRP - LEI 14.133;51;OBRAS E INSTALACOES;5112;MATERIAL PARA OBRAS - BENS NAO PATRIMONIAVEIS;80;RECURSOS DO ACORDO DE REPACTUACAO DO RIO DOCE;01.593.821/0010-32;CENTRO OESTE ASFALTOS S/A;29205,09;29205,09;29125,48;;;;;;;29205,09;;;;29125,48
2025;9452379;2301;DEPARTAMENTO DE ESTRADAS DE RODAGEM DO ESTADO DE MINAS GERAIS;264;2025-06-12;2301762 000002/2025;REGISTRO DE PRECO REALIZADO NO SIRP - LEI 14.133;51;OBRAS E INSTALACOES;5112;MATERIAL PARA OBRAS - BENS NAO PATRIMONIAVEIS;80;RECURSOS DO ACORDO DE REPACTUACAO DO RIO DOCE;01.593.821/0010-32;CENTRO OESTE ASFALTOS S/A;121352,18;121352,18;121032,31;;;;;;;121352,18;;;;121032,31
2025;9452379;2301;DEPARTAMENTO DE ESTRADAS DE RODAGEM DO ESTADO DE MINAS GERAIS;265;2025-06-12;2301762 000006/2025;REGISTRO DE PRECO REALIZADO NO SIRP - LEI 14.133;51;OBRAS E INSTALACOES;5112;MATERIAL PARA OBRAS - BENS NAO PATRIMONIAVEIS;80;RECURSOS DO ACORDO DE REPACTUACAO DO RIO DOCE;01.593.821/0010-32;CENTRO OESTE ASFALTOS S/A;3076315,67;3076315,67;3068780,99;;;;;;;3076315,67;;;;3068780,99
2025;9452379;2301;DEPARTAMENTO DE ESTRADAS DE RODAGEM DO ESTADO DE MINAS GERAIS;266;2025-06-12;2301762 000006/2025;REGISTRO DE PRECO REALIZADO NO SIRP - LEI 14.133;51;OBRAS E INSTALACOES;5112;MATERIAL PARA OBRAS - BENS NAO PATRIMONIAVEIS;80;RECURSOS DO ACORDO DE REPACTUACAO DO RIO DOCE;01.593.821/0010-32;CENTRO OESTE ASFALTOS S/A;849515,58;849515,58;847366,57;;;;;;;849515,58;;;;847366,57
2025;9452379;2301;DEPARTAMENTO DE ESTRADAS DE RODAGEM DO ESTADO DE MINAS GERAIS;267;2025-06-12;0000000 000000/0000;NÃO SE APLICA;93;INDENIZACOES E RESTITUICOES;9399;OUTRAS INDENIZACOES E RESTITUICOES;80;RECURSOS DO ACORDO DE REPACTUACAO DO RIO DOCE;01.593.821/0010-32;CENTRO OESTE ASFALTOS S/A;61799,56;61799,56;61799,56;;;;;;;61799,56;;;;61799,56
2025;9452379;2301;DEPARTAMENTO DE ESTRADAS DE RODAGEM DO ESTADO DE MINAS GERAIS;268;2025-06-12;0000000 000000/0000;NÃO SE APLICA;93;INDENIZACOES E RESTITUICOES;9399;OUTRAS INDENIZACOES E RESTITUICOES;80;RECURSOS DO ACORDO DE REPACTUACAO DO RIO DOCE;01.593.821/0010-32;CENTRO OESTE ASFALTOS S/A;71916,49;71916,49;71916,49;;;;;;;71916,49;;;;71916,49
2025;9468055;1501;SECRETARIA DE ESTADO DE PLANEJAMENTO E GESTAO;38;2025-06-16;0000000 000000/0000;NÃO SE APLICA;33;PASSAGENS E DESPESAS COM LOCOMOCAO;3302;DESPESAS COM TRANSPORTE URBANO, PEDAGIO E ESTACIONAMETO PESSOA FISICA;80;RECURSOS DO ACORDO DE REPACTUACAO DO RIO DOCE;081.095.446/06;TAMYRIS DE OLIVEIRA PEREIRA CARDOSO;185,6;185,6;185,6;;;;;;;185,6;;;;185,6
2025;9468055;1501;SECRETARIA DE ESTADO DE PLANEJAMENTO E GESTAO;39;2025-06-25;0000000 000000/0000;NÃO SE APLICA;33;PASSAGENS E DESPESAS COM LOCOMOCAO;3302;DESPESAS COM TRANSPORTE URBANO, PEDAGIO E ESTACIONAMETO PESSOA FISICA;80;RECURSOS DO ACORDO DE REPACTUACAO DO RIO DOCE;120.225.986/36;JULIA PESSOA REIS;250,0;250,0;250,0;;;;;;;250,0;;;;250,0
2025;9452379;2301;DEPARTAMENTO DE ESTRADAS DE RODAGEM DO ESTADO DE MINAS GERAIS;281;2025-06-25;2301762 000002/2025;REGISTRO DE PRECO REALIZADO NO SIRP - LEI 14.133;51;OBRAS E INSTALACOES;5112;MATERIAL PARA OBRAS - BENS NAO PATRIMONIAVEIS;80;RECURSOS DO ACORDO DE REPACTUACAO DO RIO DOCE;01.593.821/0010-32;CENTRO OESTE ASFALTOS S/A;276438,25;83732,64;83527,35;;;;;;;276438,25;;;;83527,35
2025;9452379;2301;DEPARTAMENTO DE ESTRADAS DE RODAGEM DO ESTADO DE MINAS GERAIS;282;2025-06-25;2301762 000006/2025;REGISTRO DE PRECO REALIZADO NO SIRP - LEI 14.133;51;OBRAS E INSTALACOES;5112;MATERIAL PARA OBRAS - BENS NAO PATRIMONIAVEIS;80;RECURSOS DO ACORDO DE REPACTUACAO DO RIO DOCE;01.593.821/0010-32;CENTRO OESTE ASFALTOS S/A;427942,02;427942,02;426899,62;;;;;;;427942,02;;;;426899,62
2025;9452379;2301;DEPARTAMENTO DE ESTRADAS DE RODAGEM DO ESTADO DE MINAS GERAIS;283;2025-06-25;0000000 000000/0000;NÃO SE APLICA;93;INDENIZACOES E RESTITUICOES;9399;OUTRAS INDENIZACOES E RESTITUICOES;80;RECURSOS DO ACORDO DE REPACTUACAO DO RIO DOCE;01.593.821/0010-32;CENTRO OESTE ASFALTOS S/A;39000,0;8196,62;8196,62;;;;;;;39000,0;;;;8196,62
2025;9452379;2301;DEPARTAMENTO DE ESTRADAS DE RODAGEM DO ESTADO DE MINAS GERAIS;284;2025-06-25;2301762 000002/2025;REGISTRO DE PRECO REALIZADO NO SIRP - LEI 14.133;51;OBRAS E INSTALACOES;5112;MATERIAL PARA OBRAS - BENS NAO PATRIMONIAVEIS;80;RECURSOS DO ACORDO DE REPACTUACAO DO RIO DOCE;01.593.821/0010-32;CENTRO OESTE ASFALTOS S/A;0,0;0,0;0,0;;;;;;;0,0;;;;0,0
2025;9452379;2301;DEPARTAMENTO DE ESTRADAS DE RODAGEM DO ESTADO DE MINAS GERAIS;285;2025-06-25;0000000 000000/0000;NÃO SE APLICA;93;INDENIZACOES E RESTITUICOES;9399;OUTRAS INDENIZACOES E RESTITUICOES;80;RECURSOS DO ACORDO DE REPACTUACAO DO RIO DOCE;01.593.821/0010-32;CENTRO OESTE ASFALTOS S/A;9000,0;4419,63;4419,63;;;;;;;9000,0;;;;4419,63
2025;9452379;2301;DEPARTAMENTO DE ESTRADAS DE RODAGEM DO ESTADO DE MINAS GERAIS;286;2025-06-25;2301762 000002/2025;REGISTRO DE PRECO REALIZADO NO SIRP - LEI 14.133;51;OBRAS E INSTALACOES;5112;MATERIAL PARA OBRAS - BENS NAO PATRIMONIAVEIS;80;RECURSOS DO ACORDO DE REPACTUACAO DO RIO DOCE;01.593.821/0010-32;CENTRO OESTE ASFALTOS S/A;219525,91;0,0;0,0;;;;;;;219525,91;;;;0,0
2025;9452379;2301;DEPARTAMENTO DE ESTRADAS DE RODAGEM DO ESTADO DE MINAS GERAIS;287;2025-06-25;2301762 000006/2025;REGISTRO DE PRECO REALIZADO NO SIRP - LEI 14.133;51;OBRAS E INSTALACOES;5112;MATERIAL PARA OBRAS - BENS NAO PATRIMONIAVEIS;80;RECURSOS DO ACORDO DE REPACTUACAO DO RIO DOCE;01.593.821/0010-32;CENTRO OESTE ASFALTOS S/A;123992,22;123992,22;123684,03;;;;;;;123992,22;;;;123684,03
2025;9468055;1501;SECRETARIA DE ESTADO DE PLANEJAMENTO E GESTAO;43;2025-06-26;0000000 000000/0000;NÃO SE APLICA;33;PASSAGENS E DESPESAS COM LOCOMOCAO;3302;DESPESAS COM TRANSPORTE URBANO, PEDAGIO E ESTACIONAMETO PESSOA FISICA;80;RECURSOS DO ACORDO DE REPACTUACAO DO RIO DOCE;103.900.616/70;ANA CLAUDIA MACHADO BOTELHO;330,0;330,0;330,0;;;;;;;330,0;;;;330,0
2025;9468055;1501;SECRETARIA DE ESTADO DE PLANEJAMENTO E GESTAO;44;2025-06-26;0000000 000000/0000;NÃO SE APLICA;33;PASSAGENS E DESPESAS COM LOCOMOCAO;3302;DESPESAS COM TRANSPORTE URBANO, PEDAGIO E ESTACIONAMETO PESSOA FISICA;80;RECURSOS DO ACORDO DE REPACTUACAO DO RIO DOCE;083.108.356/55;THAIS CRISTINA LOPES DE ARAUJO VILAS BOAS;283,3;283,3;283,3;;;;;;;283,3;;;;283,3
2025;9468055;1501;SECRETARIA DE ESTADO DE PLANEJAMENTO E GESTAO;45;2025-06-26;0000000 000000/0000;NÃO SE APLICA;33;PASSAGENS E DESPESAS COM LOCOMOCAO;3302;DESPESAS COM TRANSPORTE URBANO, PEDAGIO E ESTACIONAMETO PESSOA FISICA;80;RECURSOS DO ACORDO DE REPACTUACAO DO RIO DOCE;083.108.356/55;THAIS CRISTINA LOPES DE ARAUJO VILAS BOAS;132,24;132,24;132,24;;;;;;;132,24;;;;132,24
2025;9452379;2301;DEPARTAMENTO DE ESTRADAS DE RODAGEM DO ESTADO DE MINAS GERAIS;289;2025-07-07;2301762 000002/2025;REGISTRO DE PRECO REALIZADO NO SIRP - LEI 14.133;51;OBRAS E INSTALACOES;5112;MATERIAL PARA OBRAS - BENS NAO PATRIMONIAVEIS;80;RECURSOS DO ACORDO DE REPACTUACAO DO RIO DOCE;59.128.553/0036-05;STRATURA ASFALTOS LTDA.;728841,89;728841,89;727073,57;;;;;;;728841,89;;;;727073,57
2025;9452379;2301;DEPARTAMENTO DE ESTRADAS DE RODAGEM DO ESTADO DE MINAS GERAIS;290;2025-07-07;0000000 000000/0000;NÃO SE APLICA;93;INDENIZACOES E RESTITUICOES;9399;OUTRAS INDENIZACOES E RESTITUICOES;80;RECURSOS DO ACORDO DE REPACTUACAO DO RIO DOCE;59.128.553/0036-05;STRATURA ASFALTOS LTDA.;7958,12;7958,12;7958,12;;;;;;;7958,12;;;;7958,12
2025;9468055;1501;SECRETARIA DE ESTADO DE PLANEJAMENTO E GESTAO;48;2025-07-18;0000000 000000/0000;NÃO SE APLICA;14;DIARIAS - CIVIL;1401;DIARIAS - CIVIL;80;RECURSOS DO ACORDO DE REPACTUACAO DO RIO DOCE;999.999.598/57;DIARIAS DE VIAGENS/PASSAGENS;8103,91;8103,91;8302,21;;;;;;;8103,91;;;;8302,21
2025;9470658;1231;SECRETARIA DE ESTADO DE AGRICULTURA, PECUARIA E ABASTECIMENTO;252;2025-08-06;1231021 000038/2024;REGISTRO DE PRECOS;39;OUTROS SERVICOS DE TERCEIROS - PESSOA JURIDICA;3964;SERVICOS DE MAPEAMENTO E GEORREFERENCIAMENTO;80;RECURSOS DO ACORDO DE REPACTUACAO DO RIO DOCE;05.624.307/0001-87;SETA SERVICOS LTDA;29786,28;29786,28;29786,28;;;;;;;29786,28;;;;29786,28
2025;9452379;2301;DEPARTAMENTO DE ESTRADAS DE RODAGEM DO ESTADO DE MINAS GERAIS;311;2025-08-07;2301762 000001/2025;CONCORRENCIA - LEI 14.133;51;OBRAS E INSTALACOES;5107;EXECUCAO DE OBRAS POR CONTRATO DE BENS NAO PATRIMONIAVEIS;80;RECURSOS DO ACORDO DE REPACTUACAO DO RIO DOCE;19.230.918/0001-55;GUAXIMA ENGENHARIA LTDA;22510330,96;18826359,5;13571003,17;;;;;;;22510330,96;;;;13571003,17
2025;9452379;2301;DEPARTAMENTO DE ESTRADAS DE RODAGEM DO ESTADO DE MINAS GERAIS;312;2025-08-07;2301762 000001/2025;CONCORRENCIA - LEI 14.133;51;OBRAS E INSTALACOES;5107;EXECUCAO DE OBRAS POR CONTRATO DE BENS NAO PATRIMONIAVEIS;80;RECURSOS DO ACORDO DE REPACTUACAO DO RIO DOCE;59.598.029/0001-60;ENGENHARIA E COMERCIO BANDEIRANTES LTDA;342796,91;209175,12;206665,01;;;;;;;342796,91;;;;206665,01
2025;9473170;2301;DEPARTAMENTO DE ESTRADAS DE RODAGEM DO ESTADO DE MINAS GERAIS;9;2025-08-08;2301931 000002/2025;CONCORRENCIA - LEI 14.133;35;SERVICOS DE CONSULTORIA;3502;SERVICOS DE CONSULTORIA - PESSOA JURIDICA;80;RECURSOS DO ACORDO DE REPACTUACAO DO RIO DOCE;04.208.867/0001-98;RTA ENGENHEIROS CONSULTORES LTDA;519142,72;296762,65;296762,65;;;;;;;519142,72;;;;296762,65
2025;9473170;2301;DEPARTAMENTO DE ESTRADAS DE RODAGEM DO ESTADO DE MINAS GERAIS;10;2025-08-08;2301931 000002/2025;CONCORRENCIA - LEI 14.133;35;SERVICOS DE CONSULTORIA;3502;SERVICOS DE CONSULTORIA - PESSOA JURIDICA;80;RECURSOS DO ACORDO DE REPACTUACAO DO RIO DOCE;52.635.422/0003-07;SYSTRA ENGENHARIA E CONSULTORIA LTDA;217222,89;53638,74;53638,74;;;;;;;217222,89;;;;53638,74
2025;9470658;1231;SECRETARIA DE ESTADO DE AGRICULTURA, PECUARIA E ABASTECIMENTO;280;2025-08-18;1231021 000055/2024;REGISTRO DE PRECOS;39;OUTROS SERVICOS DE TERCEIROS - PESSOA JURIDICA;3964;SERVICOS DE MAPEAMENTO E GEORREFERENCIAMENTO;80;RECURSOS DO ACORDO DE REPACTUACAO DO RIO DOCE;05.624.307/0001-87;SETA SERVICOS LTDA;0,0;0,0;0,0;;;;;;;0,0;;;;0,0
2025;9470658;1231;SECRETARIA DE ESTADO DE AGRICULTURA, PECUARIA E ABASTECIMENTO;281;2025-08-18;1231021 000073/2024;REGISTRO DE PRECOS;39;OUTROS SERVICOS DE TERCEIROS - PESSOA JURIDICA;3964;SERVICOS DE MAPEAMENTO E GEORREFERENCIAMENTO;80;RECURSOS DO ACORDO DE REPACTUACAO DO RIO DOCE;05.624.307/0001-87;SETA SERVICOS LTDA;10800,08;0,0;0,0;;;;;;;10800,08;;;;0,0
2025;9452379;2301;DEPARTAMENTO DE ESTRADAS DE RODAGEM DO ESTADO DE MINAS GERAIS;314;2025-08-18;2301762 000002/2025;REGISTRO DE PRECO REALIZADO NO SIRP - LEI 14.133;51;OBRAS E INSTALACOES;5112;MATERIAL PARA OBRAS - BENS NAO PATRIMONIAVEIS;80;RECURSOS DO ACORDO DE REPACTUACAO DO RIO DOCE;01.593.821/0010-32;CENTRO OESTE ASFALTOS S/A;1033041,77;621595,0;619997,34;;;;;;;1033041,77;;;;619997,34
2025;9452379;2301;DEPARTAMENTO DE ESTRADAS DE RODAGEM DO ESTADO DE MINAS GERAIS;315;2025-08-18;2301762 000006/2025;REGISTRO DE PRECO REALIZADO NO SIRP - LEI 14.133;51;OBRAS E INSTALACOES;5112;MATERIAL PARA OBRAS - BENS NAO PATRIMONIAVEIS;80;RECURSOS DO ACORDO DE REPACTUACAO DO RIO DOCE;01.593.821/0010-32;CENTRO OESTE ASFALTOS S/A;1395129,58;1395129,58;1391624,42;;;;;;;1395129,58;;;;1391624,42
2025;9452379;2301;DEPARTAMENTO DE ESTRADAS DE RODAGEM DO ESTADO DE MINAS GERAIS;316;2025-08-18;0000000 000000/0000;NÃO SE APLICA;93;INDENIZACOES E RESTITUICOES;9399;OUTRAS INDENIZACOES E RESTITUICOES;80;RECURSOS DO ACORDO DE REPACTUACAO DO RIO DOCE;01.593.821/0010-32;CENTRO OESTE ASFALTOS S/A;158000,0;109445,02;109445,02;;;;;;;158000,0;;;;109445,02
2025;9452379;2301;DEPARTAMENTO DE ESTRADAS DE RODAGEM DO ESTADO DE MINAS GERAIS;366;2025-08-25;2301520 000010/2025;CONCORRENCIA - LEI 14.133;51;OBRAS E INSTALACOES;5107;EXECUCAO DE OBRAS POR CONTRATO DE BENS NAO PATRIMONIAVEIS;80;RECURSOS DO ACORDO DE REPACTUACAO DO RIO DOCE;08.697.901/0001-96;ENC EMPRESA NACIONAL DE CONSTRUCAO LTDA;6000000,0;863275,7;852916,39;;;;;;;6000000,0;;;;852916,39
2025;9470658;1231;SECRETARIA DE ESTADO DE AGRICULTURA, PECUARIA E ABASTECIMENTO;292;2025-08-28;1231021 000051/2023;REGISTRO DE PRECOS;39;OUTROS SERVICOS DE TERCEIROS - PESSOA JURIDICA;3964;SERVICOS DE MAPEAMENTO E GEORREFERENCIAMENTO;80;RECURSOS DO ACORDO DE REPACTUACAO DO RIO DOCE;05.624.307/0001-87;SETA SERVICOS LTDA;108308,84;108308,84;108308,84;;;;;;;108308,84;;;;108308,84
2025;9452379;2301;DEPARTAMENTO DE ESTRADAS DE RODAGEM DO ESTADO DE MINAS GERAIS;325;2025-09-02;0000000 000000/0000;NÃO SE APLICA;93;INDENIZACOES E RESTITUICOES;9399;OUTRAS INDENIZACOES E RESTITUICOES;80;RECURSOS DO ACORDO DE REPACTUACAO DO RIO DOCE;02.351.006/0006-43;GRECA DISTRIBUIDORA DE ASFALTOS LTDA.;73777,46;73777,46;73777,46;;;;;;;73777,46;;;;73777,46
2025;9452379;2301;DEPARTAMENTO DE ESTRADAS DE RODAGEM DO ESTADO DE MINAS GERAIS;326;2025-09-02;2301762 000020/2025;REGISTRO DE PRECO REALIZADO NO SIRP - LEI 14.133;51;OBRAS E INSTALACOES;5112;MATERIAL PARA OBRAS - BENS NAO PATRIMONIAVEIS;80;RECURSOS DO ACORDO DE REPACTUACAO DO RIO DOCE;02.351.006/0006-43;GRECA DISTRIBUIDORA DE ASFALTOS LTDA.;915901,17;642418,45;640782,22;;;;;;;915901,17;;;;640782,22
2025;9452379;2301;DEPARTAMENTO DE ESTRADAS DE RODAGEM DO ESTADO DE MINAS GERAIS;327;2025-09-02;0000000 000000/0000;NÃO SE APLICA;93;INDENIZACOES E RESTITUICOES;9399;OUTRAS INDENIZACOES E RESTITUICOES;80;RECURSOS DO ACORDO DE REPACTUACAO DO RIO DOCE;02.351.006/0006-43;GRECA DISTRIBUIDORA DE ASFALTOS LTDA.;58000,0;39341,86;39341,86;;;;;;;58000,0;;;;39341,86
2025;9452379;2301;DEPARTAMENTO DE ESTRADAS DE RODAGEM DO ESTADO DE MINAS GERAIS;328;2025-09-02;2301762 000020/2025;REGISTRO DE PRECO REALIZADO NO SIRP - LEI 14.133;51;OBRAS E INSTALACOES;5112;MATERIAL PARA OBRAS - BENS NAO PATRIMONIAVEIS;80;RECURSOS DO ACORDO DE REPACTUACAO DO RIO DOCE;02.351.006/0006-43;GRECA DISTRIBUIDORA DE ASFALTOS LTDA.;1531851,25;1531851,25;1527997,75;;;;;;;1531851,25;;;;1527997,75
2025;9452379;2301;DEPARTAMENTO DE ESTRADAS DE RODAGEM DO ESTADO DE MINAS GERAIS;329;2025-09-02;2301762 000020/2025;REGISTRO DE PRECO REALIZADO NO SIRP - LEI 14.133;51;OBRAS E INSTALACOES;5112;MATERIAL PARA OBRAS - BENS NAO PATRIMONIAVEIS;80;RECURSOS DO ACORDO DE REPACTUACAO DO RIO DOCE;02.351.006/0006-43;GRECA DISTRIBUIDORA DE ASFALTOS LTDA.;10808145,3;9308615,77;9285066,82;;;;;;;10808145,3;;;;9285066,82
2025;9452379;2301;DEPARTAMENTO DE ESTRADAS DE RODAGEM DO ESTADO DE MINAS GERAIS;330;2025-09-02;0000000 000000/0000;NÃO SE APLICA;93;INDENIZACOES E RESTITUICOES;9399;OUTRAS INDENIZACOES E RESTITUICOES;80;RECURSOS DO ACORDO DE REPACTUACAO DO RIO DOCE;02.351.006/0006-43;GRECA DISTRIBUIDORA DE ASFALTOS LTDA.;617000,0;503456,28;503456,28;;;;;;;617000,0;;;;503456,28
2025;9452379;2301;DEPARTAMENTO DE ESTRADAS DE RODAGEM DO ESTADO DE MINAS GERAIS;331;2025-09-02;2301762 000020/2025;REGISTRO DE PRECO REALIZADO NO SIRP - LEI 14.133;51;OBRAS E INSTALACOES;5112;MATERIAL PARA OBRAS - BENS NAO PATRIMONIAVEIS;80;RECURSOS DO ACORDO DE REPACTUACAO DO RIO DOCE;02.351.006/0006-43;GRECA DISTRIBUIDORA DE ASFALTOS LTDA.;1109783,36;148844,04;148474,4;;;;;;;1109783,36;;;;148474,4
2025;9452379;2301;DEPARTAMENTO DE ESTRADAS DE RODAGEM DO ESTADO DE MINAS GERAIS;332;2025-09-02;0000000 000000/0000;NÃO SE APLICA;93;INDENIZACOES E RESTITUICOES;9399;OUTRAS INDENIZACOES E RESTITUICOES;80;RECURSOS DO ACORDO DE REPACTUACAO DO RIO DOCE;02.351.006/0006-43;GRECA DISTRIBUIDORA DE ASFALTOS LTDA.;66000,0;5172,31;5172,31;;;;;;;66000,0;;;;5172,31
2025;9452379;2301;DEPARTAMENTO DE ESTRADAS DE RODAGEM DO ESTADO DE MINAS GERAIS;333;2025-09-02;2301762 000020/2025;REGISTRO DE PRECO REALIZADO NO SIRP - LEI 14.133;51;OBRAS E INSTALACOES;5112;MATERIAL PARA OBRAS - BENS NAO PATRIMONIAVEIS;80;RECURSOS DO ACORDO DE REPACTUACAO DO RIO DOCE;02.351.006/0006-43;GRECA DISTRIBUIDORA DE ASFALTOS LTDA.;1316149,72;502959,6;501730,84;;;;;;;1316149,72;;;;501730,84
2025;9452379;2301;DEPARTAMENTO DE ESTRADAS DE RODAGEM DO ESTADO DE MINAS GERAIS;334;2025-09-02;0000000 000000/0000;NÃO SE APLICA;93;INDENIZACOES E RESTITUICOES;9399;OUTRAS INDENIZACOES E RESTITUICOES;80;RECURSOS DO ACORDO DE REPACTUACAO DO RIO DOCE;02.351.006/0006-43;GRECA DISTRIBUIDORA DE ASFALTOS LTDA.;62000,0;9023,97;9023,97;;;;;;;62000,0;;;;9023,97
2025;9470658;1231;SECRETARIA DE ESTADO DE AGRICULTURA, PECUARIA E ABASTECIMENTO;300;2025-09-05;1231021 000042/2024;REGISTRO DE PRECOS;39;OUTROS SERVICOS DE TERCEIROS - PESSOA JURIDICA;3964;SERVICOS DE MAPEAMENTO E GEORREFERENCIAMENTO;80;RECURSOS DO ACORDO DE REPACTUACAO DO RIO DOCE;05.624.307/0001-87;SETA SERVICOS LTDA;24598,46;0,0;0,0;;;;;;;24598,46;;;;0,0
2025;9474703;1231;SECRETARIA DE ESTADO DE AGRICULTURA, PECUARIA E ABASTECIMENTO;312;2025-09-19;1231021 000059/2025;REGISTRO DE PRECO REALIZADO NO SIRP - LEI 14.133;52;EQUIPAMENTOS E MATERIAL PERMANENTE;5216;TRATORES, SIMILARES E IMPLEMENTOS;80;RECURSOS DO ACORDO DE REPACTUACAO DO RIO DOCE;11.260.925/0003-50;LIUGONG LATIN AMERICA MAQUINAS PARA CONSTRUCAO PESADA LTDA.;587000,0;587000,0;579956,0;;;;;;;587000,0;;;;579956,0
2025;9474703;1231;SECRETARIA DE ESTADO DE AGRICULTURA, PECUARIA E ABASTECIMENTO;313;2025-09-19;1231021 000057/2025;REGISTRO DE PRECO REALIZADO NO SIRP - LEI 14.133;52;EQUIPAMENTOS E MATERIAL PERMANENTE;5216;TRATORES, SIMILARES E IMPLEMENTOS;80;RECURSOS DO ACORDO DE REPACTUACAO DO RIO DOCE;11.260.925/0003-50;LIUGONG LATIN AMERICA MAQUINAS PARA CONSTRUCAO PESADA LTDA.;13501000,0;13501000,0;13338988,0;;;;;;;13501000,0;;;;13338988,0
2025;9474703;1231;SECRETARIA DE ESTADO DE AGRICULTURA, PECUARIA E ABASTECIMENTO;314;2025-09-19;1231021 000057/2025;REGISTRO DE PRECO REALIZADO NO SIRP - LEI 14.133;52;EQUIPAMENTOS E MATERIAL PERMANENTE;5216;TRATORES, SIMILARES E IMPLEMENTOS;80;RECURSOS DO ACORDO DE REPACTUACAO DO RIO DOCE;14.707.364/0001-10;XCMG BRASIL INDUSTRIA LTDA;16826000,0;16826000,0;16624088,0;;;;;;;16826000,0;;;;16624088,0
2025;9468055;1501;SECRETARIA DE ESTADO DE PLANEJAMENTO E GESTAO;51;2025-09-22;0000000 000000/0000;NÃO SE APLICA;33;PASSAGENS E DESPESAS COM LOCOMOCAO;3302;DESPESAS COM TRANSPORTE URBANO, PEDAGIO E ESTACIONAMETO PESSOA FISICA;80;RECURSOS DO ACORDO DE REPACTUACAO DO RIO DOCE;083.108.356/55;THAIS CRISTINA LOPES DE ARAUJO VILAS BOAS;303,45;303,45;303,45;;;;;;;303,45;;;;303,45
2025;9468055;1501;SECRETARIA DE ESTADO DE PLANEJAMENTO E GESTAO;52;2025-09-22;0000000 000000/0000;NÃO SE APLICA;33;PASSAGENS E DESPESAS COM LOCOMOCAO;3302;DESPESAS COM TRANSPORTE URBANO, PEDAGIO E ESTACIONAMETO PESSOA FISICA;80;RECURSOS DO ACORDO DE REPACTUACAO DO RIO DOCE;126.665.156/05;BRUNA BORONI DE PAIVA;156,4;156,4;156,4;;;;;;;156,4;;;;156,4
2025;9468055;1501;SECRETARIA DE ESTADO DE PLANEJAMENTO E GESTAO;53;2025-09-24;0000000 000000/0000;NÃO SE APLICA;33;PASSAGENS E DESPESAS COM LOCOMOCAO;3302;DESPESAS COM TRANSPORTE URBANO, PEDAGIO E ESTACIONAMETO PESSOA FISICA;80;RECURSOS DO ACORDO DE REPACTUACAO DO RIO DOCE;120.754.126/50;MATHEUS FILLIPE LANGANKE DE CARVALHO;207,88;207,88;207,88;;;;;;;207,88;;;;207,88
2025;9474703;1231;SECRETARIA DE ESTADO DE AGRICULTURA, PECUARIA E ABASTECIMENTO;330;2025-10-01;1231021 000058/2025;REGISTRO DE PRECO REALIZADO NO SIRP - LEI 14.133;52;EQUIPAMENTOS E MATERIAL PERMANENTE;5216;TRATORES, SIMILARES E IMPLEMENTOS;80;RECURSOS DO ACORDO DE REPACTUACAO DO RIO DOCE;29.211.016/0002-06;DNM - DISTRIBUIDORA NACIONAL DE MAQUINAS LTDA;764292,36;764292,36;755120,88;;;;;;;764292,36;;;;755120,88
2025;9468055;1501;SECRETARIA DE ESTADO DE PLANEJAMENTO E GESTAO;56;2025-10-07;1501561 000038/2025;DISPENSA DE LICITAÇÃO - LEI 14.133;37;LOCACAO DE MAO-DE-OBRA;3704;LOCACAO DE SERVICOS DE APOIO ADMINISTRATIVO REALIZADOS PELA MGS;80;RECURSOS DO ACORDO DE REPACTUACAO DO RIO DOCE;33.224.254/0001-42;MGS MINAS GERAIS ADMINISTRACAO E SERVICOS S/A;612581,47;56816,07;29359,45;;;;;;;612581,47;;;;29359,45
2025;9468055;1501;SECRETARIA DE ESTADO DE PLANEJAMENTO E GESTAO;57;2025-10-07;1501561 000038/2025;DISPENSA DE LICITAÇÃO - LEI 14.133;37;LOCACAO DE MAO-DE-OBRA;3705;DESPESAS COM O PAGAMENTO DE ENCARGOS TRABALHISTAS A MGS;80;RECURSOS DO ACORDO DE REPACTUACAO DO RIO DOCE;33.224.254/0001-42;MGS MINAS GERAIS ADMINISTRACAO E SERVICOS S/A;72684,53;8230,13;7977,01;;;;;;;72684,53;;;;7977,01
2025;9468055;1221;SECRETARIA DE ESTADO DE DESENVOLVIMENTO ECONOMICO;252;2025-10-16;1501561 000038/2025;DISPENSA DE LICITAÇÃO - LEI 14.133;37;LOCACAO DE MAO-DE-OBRA;3704;LOCACAO DE SERVICOS DE APOIO ADMINISTRATIVO REALIZADOS PELA MGS;80;RECURSOS DO ACORDO DE REPACTUACAO DO RIO DOCE;33.224.254/0001-42;MGS MINAS GERAIS ADMINISTRACAO E SERVICOS S/A;61882,72;30948,72;26058,82;;;;;;;61882,72;;;;26058,82
2025;9468055;1221;SECRETARIA DE ESTADO DE DESENVOLVIMENTO ECONOMICO;253;2025-10-16;1501561 000038/2025;DISPENSA DE LICITAÇÃO - LEI 14.133;37;LOCACAO DE MAO-DE-OBRA;3705;DESPESAS COM O PAGAMENTO DE ENCARGOS TRABALHISTAS A MGS;80;RECURSOS DO ACORDO DE REPACTUACAO DO RIO DOCE;33.224.254/0001-42;MGS MINAS GERAIS ADMINISTRACAO E SERVICOS S/A;11000,0;957,34;911,39;;;;;;;11000,0;;;;911,39
2025;9480259;1221;SECRETARIA DE ESTADO DE DESENVOLVIMENTO ECONOMICO;256;2025-10-20;1221002 000018/2025;INEXIGIBILIDADE - LEI 14.133;39;OUTROS SERVICOS DE TERCEIROS - PESSOA JURIDICA;3919;LOCACAO DE MAQUINAS E EQUIPAMENTOS;80;RECURSOS DO ACORDO DE REPACTUACAO DO RIO DOCE;17.511.734/0001-38;AMIS ASSOCIACAO MINEIRA DE SUPERMERCADOS;70400,0;70400,0;70400,0;;;;;;;70400,0;;;;70400,0
2025;9468055;1501;SECRETARIA DE ESTADO DE PLANEJAMENTO E GESTAO;60;2025-10-21;1501561 000038/2025;DISPENSA DE LICITAÇÃO - LEI 14.133;37;LOCACAO DE MAO-DE-OBRA;3705;DESPESAS COM O PAGAMENTO DE ENCARGOS TRABALHISTAS A MGS;80;RECURSOS DO ACORDO DE REPACTUACAO DO RIO DOCE;33.224.254/0001-42;MGS MINAS GERAIS ADMINISTRACAO E SERVICOS S/A;21951,23;5571,24;5571,24;;;;;;;21951,23;;;;5571,24
2025;9468055;1501;SECRETARIA DE ESTADO DE PLANEJAMENTO E GESTAO;61;2025-10-21;1501561 000038/2025;DISPENSA DE LICITAÇÃO - LEI 14.133;37;LOCACAO DE MAO-DE-OBRA;3705;DESPESAS COM O PAGAMENTO DE ENCARGOS TRABALHISTAS A MGS;80;RECURSOS DO ACORDO DE REPACTUACAO DO RIO DOCE;33.224.254/0001-42;MGS MINAS GERAIS ADMINISTRACAO E SERVICOS S/A;6480,51;319,11;319,11;;;;;;;6480,51;;;;319,11
2025;9452379;2301;DEPARTAMENTO DE ESTRADAS DE RODAGEM DO ESTADO DE MINAS GERAIS;439;2025-10-22;2301520 000012/2025;REGISTRO DE PRECO REALIZADO NO SIRP - LEI 14.133;51;OBRAS E INSTALACOES;5112;MATERIAL PARA OBRAS - BENS NAO PATRIMONIAVEIS;80;RECURSOS DO ACORDO DE REPACTUACAO DO RIO DOCE;01.593.821/0010-32;CENTRO OESTE ASFALTOS S/A;0,0;0,0;0,0;;;;;;;0,0;;;;0,0
2025;9452379;2301;DEPARTAMENTO DE ESTRADAS DE RODAGEM DO ESTADO DE MINAS GERAIS;440;2025-10-22;2301520 000021/2025;REGISTRO DE PRECO REALIZADO NO SIRP - LEI 14.133;51;OBRAS E INSTALACOES;5112;MATERIAL PARA OBRAS - BENS NAO PATRIMONIAVEIS;80;RECURSOS DO ACORDO DE REPACTUACAO DO RIO DOCE;02.351.006/0006-43;GRECA DISTRIBUIDORA DE ASFALTOS LTDA.;0,0;0,0;0,0;;;;;;;0,0;;;;0,0
2025;9452379;2301;DEPARTAMENTO DE ESTRADAS DE RODAGEM DO ESTADO DE MINAS GERAIS;441;2025-10-22;0000000 000000/0000;NÃO SE APLICA;93;INDENIZACOES E RESTITUICOES;9399;OUTRAS INDENIZACOES E RESTITUICOES;80;RECURSOS DO ACORDO DE REPACTUACAO DO RIO DOCE;01.593.821/0010-32;CENTRO OESTE ASFALTOS S/A;0,0;0,0;0,0;;;;;;;0,0;;;;0,0
2025;9452379;2301;DEPARTAMENTO DE ESTRADAS DE RODAGEM DO ESTADO DE MINAS GERAIS;442;2025-10-22;0000000 000000/0000;NÃO SE APLICA;93;INDENIZACOES E RESTITUICOES;9399;OUTRAS INDENIZACOES E RESTITUICOES;80;RECURSOS DO ACORDO DE REPACTUACAO DO RIO DOCE;02.351.006/0006-43;GRECA DISTRIBUIDORA DE ASFALTOS LTDA.;0,0;0,0;0,0;;;;;;;0,0;;;;0,0
2025;9452379;2301;DEPARTAMENTO DE ESTRADAS DE RODAGEM DO ESTADO DE MINAS GERAIS;443;2025-10-23;2301520 000033/2025;REGISTRO DE PRECO REALIZADO NO SIRP - LEI 14.133;51;OBRAS E INSTALACOES;5112;MATERIAL PARA OBRAS - BENS NAO PATRIMONIAVEIS;80;RECURSOS DO ACORDO DE REPACTUACAO DO RIO DOCE;01.593.821/0010-32;CENTRO OESTE ASFALTOS S/A;0,0;0,0;0,0;;;;;;;0,0;;;;0,0
2025;9468055;1501;SECRETARIA DE ESTADO DE PLANEJAMENTO E GESTAO;62;2025-10-29;1501561 000038/2025;DISPENSA DE LICITAÇÃO - LEI 14.133;37;LOCACAO DE MAO-DE-OBRA;3704;LOCACAO DE SERVICOS DE APOIO ADMINISTRATIVO REALIZADOS PELA MGS;80;RECURSOS DO ACORDO DE REPACTUACAO DO RIO DOCE;33.224.254/0001-42;MGS MINAS GERAIS ADMINISTRACAO E SERVICOS S/A;289926,46;98111,1;98111,1;;;;;;;289926,46;;;;98111,1
2025;9468055;1501;SECRETARIA DE ESTADO DE PLANEJAMENTO E GESTAO;63;2025-10-29;1501561 000038/2025;DISPENSA DE LICITAÇÃO - LEI 14.133;37;LOCACAO DE MAO-DE-OBRA;3704;LOCACAO DE SERVICOS DE APOIO ADMINISTRATIVO REALIZADOS PELA MGS;80;RECURSOS DO ACORDO DE REPACTUACAO DO RIO DOCE;33.224.254/0001-42;MGS MINAS GERAIS ADMINISTRACAO E SERVICOS S/A;171457,8;10001,7;10001,7;;;;;;;171457,8;;;;10001,7
2025;9468055;1501;SECRETARIA DE ESTADO DE PLANEJAMENTO E GESTAO;66;2025-11-04;0000000 000000/0000;NÃO SE APLICA;33;PASSAGENS E DESPESAS COM LOCOMOCAO;3302;DESPESAS COM TRANSPORTE URBANO, PEDAGIO E ESTACIONAMETO PESSOA FISICA;80;RECURSOS DO ACORDO DE REPACTUACAO DO RIO DOCE;103.900.616/70;ANA CLAUDIA MACHADO BOTELHO;476,12;476,12;476,12;;;;;;;476,12;;;;476,12
2025;9468055;1501;SECRETARIA DE ESTADO DE PLANEJAMENTO E GESTAO;67;2025-11-04;0000000 000000/0000;NÃO SE APLICA;33;PASSAGENS E DESPESAS COM LOCOMOCAO;3302;DESPESAS COM TRANSPORTE URBANO, PEDAGIO E ESTACIONAMETO PESSOA FISICA;80;RECURSOS DO ACORDO DE REPACTUACAO DO RIO DOCE;126.665.156/05;BRUNA BORONI DE PAIVA;226,46;226,46;226,46;;;;;;;226,46;;;;226,46
2025;9474703;1231;SECRETARIA DE ESTADO DE AGRICULTURA, PECUARIA E ABASTECIMENTO;376;2025-11-06;1231021 000079/2025;PREGAO - LEI 14.133;52;EQUIPAMENTOS E MATERIAL PERMANENTE;5217;VEICULOS;80;RECURSOS DO ACORDO DE REPACTUACAO DO RIO DOCE;23.762.552/0003-02;DEVA VEICULOS LTDA;32144999,99;31627999,9;31196708,99;;;;;;;32144999,99;;;;31196708,99
2025;9470658;1231;SECRETARIA DE ESTADO DE AGRICULTURA, PECUARIA E ABASTECIMENTO;378;2025-11-07;1231021 000064/2025;REGISTRO DE PRECO REALIZADO NO SIRP - LEI 14.133;39;OUTROS SERVICOS DE TERCEIROS - PESSOA JURIDICA;3964;SERVICOS DE MAPEAMENTO E GEORREFERENCIAMENTO;80;RECURSOS DO ACORDO DE REPACTUACAO DO RIO DOCE;05.624.307/0001-87;SETA SERVICOS LTDA;1239564,54;0,0;0,0;;;;;;;1239564,54;;;;0,0
2025;9470658;1231;SECRETARIA DE ESTADO DE AGRICULTURA, PECUARIA E ABASTECIMENTO;379;2025-11-07;1231021 000061/2025;REGISTRO DE PRECO REALIZADO NO SIRP - LEI 14.133;39;OUTROS SERVICOS DE TERCEIROS - PESSOA JURIDICA;3964;SERVICOS DE MAPEAMENTO E GEORREFERENCIAMENTO;80;RECURSOS DO ACORDO DE REPACTUACAO DO RIO DOCE;07.633.363/0001-03;FREDERICO MELO LACERDA;197865,28;0,0;0,0;;;;;;;197865,28;;;;0,0
2025;9470658;1231;SECRETARIA DE ESTADO DE AGRICULTURA, PECUARIA E ABASTECIMENTO;380;2025-11-07;1231021 000062/2025;REGISTRO DE PRECO REALIZADO NO SIRP - LEI 14.133;39;OUTROS SERVICOS DE TERCEIROS - PESSOA JURIDICA;3964;SERVICOS DE MAPEAMENTO E GEORREFERENCIAMENTO;80;RECURSOS DO ACORDO DE REPACTUACAO DO RIO DOCE;07.633.363/0001-03;FREDERICO MELO LACERDA;131040,91;0,0;0,0;;;;;;;131040,91;;;;0,0
2025;9470658;1231;SECRETARIA DE ESTADO DE AGRICULTURA, PECUARIA E ABASTECIMENTO;381;2025-11-07;1231021 000063/2025;REGISTRO DE PRECO REALIZADO NO SIRP - LEI 14.133;39;OUTROS SERVICOS DE TERCEIROS - PESSOA JURIDICA;3964;SERVICOS DE MAPEAMENTO E GEORREFERENCIAMENTO;80;RECURSOS DO ACORDO DE REPACTUACAO DO RIO DOCE;07.633.363/0001-03;FREDERICO MELO LACERDA;139103,14;0,0;0,0;;;;;;;139103,14;;;;0,0
2025;9470658;1231;SECRETARIA DE ESTADO DE AGRICULTURA, PECUARIA E ABASTECIMENTO;382;2025-11-07;1231021 000067/2025;REGISTRO DE PRECO REALIZADO NO SIRP - LEI 14.133;39;OUTROS SERVICOS DE TERCEIROS - PESSOA JURIDICA;3964;SERVICOS DE MAPEAMENTO E GEORREFERENCIAMENTO;80;RECURSOS DO ACORDO DE REPACTUACAO DO RIO DOCE;05.624.307/0001-87;SETA SERVICOS LTDA;551309,78;0,0;0,0;;;;;;;551309,78;;;;0,0
2025;9470658;1231;SECRETARIA DE ESTADO DE AGRICULTURA, PECUARIA E ABASTECIMENTO;384;2025-11-07;1231021 000051/2024;REGISTRO DE PRECOS;39;OUTROS SERVICOS DE TERCEIROS - PESSOA JURIDICA;3964;SERVICOS DE MAPEAMENTO E GEORREFERENCIAMENTO;80;RECURSOS DO ACORDO DE REPACTUACAO DO RIO DOCE;05.624.307/0001-87;SETA SERVICOS LTDA;159822,0;158814,0;158814,0;;;;;;;159822,0;;;;158814,0
2025;9468055;1501;SECRETARIA DE ESTADO DE PLANEJAMENTO E GESTAO;68;2025-11-10;0000000 000000/0000;NÃO SE APLICA;33;PASSAGENS E DESPESAS COM LOCOMOCAO;3302;DESPESAS COM TRANSPORTE URBANO, PEDAGIO E ESTACIONAMETO PESSOA FISICA;80;RECURSOS DO ACORDO DE REPACTUACAO DO RIO DOCE;015.033.486/95;MATHEUS EDUARDO BRAGA LOPES BRAGANCA SILVA;153,57;153,57;153,57;;;;;;;153,57;;;;153,57
2025;9468055;1501;SECRETARIA DE ESTADO DE PLANEJAMENTO E GESTAO;623;2025-11-12;1501122 000123/2024;REGISTRO DE PRECO REALIZADO NO SIRP - LEI 14.133;33;PASSAGENS E DESPESAS COM LOCOMOCAO;3304;PASSAGENS - PESSOA JURIDICA;80;RECURSOS DO ACORDO DE REPACTUACAO DO RIO DOCE;01.017.250/0001-05;VOETUR TURISMO E REPRESENTACOES LTDA;54430,0;27858,21;14329,35;;;;;;;54430,0;;;;14329,35
2025;9474703;1231;SECRETARIA DE ESTADO DE AGRICULTURA, PECUARIA E ABASTECIMENTO;404;2025-11-18;1231021 000083/2025;PREGAO - LEI 14.133;52;EQUIPAMENTOS E MATERIAL PERMANENTE;5216;TRATORES, SIMILARES E IMPLEMENTOS;80;RECURSOS DO ACORDO DE REPACTUACAO DO RIO DOCE;25.521.683/0001-53;CENTRO OESTE IMPLEMENTOS PARA TRANSPORTES LTDA;9357600,0;9357600,0;9245308,8;;;;;;;9357600,0;;;;9245308,8
2025;9474703;1231;SECRETARIA DE ESTADO DE AGRICULTURA, PECUARIA E ABASTECIMENTO;407;2025-11-19;1231021 000057/2025;REGISTRO DE PRECO REALIZADO NO SIRP - LEI 14.133;52;EQUIPAMENTOS E MATERIAL PERMANENTE;5216;TRATORES, SIMILARES E IMPLEMENTOS;80;RECURSOS DO ACORDO DE REPACTUACAO DO RIO DOCE;14.707.364/0001-10;XCMG BRASIL INDUSTRIA LTDA;2943000,0;2943000,0;2907684,0;;;;;;;2943000,0;;;;2907684,0
2025;9474703;1231;SECRETARIA DE ESTADO DE AGRICULTURA, PECUARIA E ABASTECIMENTO;408;2025-11-19;1231021 000057/2025;REGISTRO DE PRECO REALIZADO NO SIRP - LEI 14.133;52;EQUIPAMENTOS E MATERIAL PERMANENTE;5216;TRATORES, SIMILARES E IMPLEMENTOS;80;RECURSOS DO ACORDO DE REPACTUACAO DO RIO DOCE;11.260.925/0003-50;LIUGONG LATIN AMERICA MAQUINAS PARA CONSTRUCAO PESADA LTDA.;2935000,0;2935000,0;2899780,0;;;;;;;2935000,0;;;;2899780,0
2025;9468055;1501;SECRETARIA DE ESTADO DE PLANEJAMENTO E GESTAO;71;2025-12-02;0000000 000000/0000;NÃO SE APLICA;33;PASSAGENS E DESPESAS COM LOCOMOCAO;3302;DESPESAS COM TRANSPORTE URBANO, PEDAGIO E ESTACIONAMETO PESSOA FISICA;80;RECURSOS DO ACORDO DE REPACTUACAO DO RIO DOCE;120.225.986/36;JULIA PESSOA REIS;436,19;436,19;436,19;;;;;;;436,19;;;;436,19
2025;9468057;1371;SECRETARIA DE ESTADO DE MEIO AMBIENTE E DESENVOLVIMENTO SUSTENTAVEL;516;2025-12-03;1501561 000038/2025;DISPENSA DE LICITAÇÃO - LEI 14.133;37;LOCACAO DE MAO-DE-OBRA;3705;DESPESAS COM O PAGAMENTO DE ENCARGOS TRABALHISTAS A MGS;80;RECURSOS DO ACORDO DE REPACTUACAO DO RIO DOCE;33.224.254/0001-42;MGS MINAS GERAIS ADMINISTRACAO E SERVICOS S/A;1718,3;515,49;515,49;;;;;;;1718,3;;;;515,49
2025;9468057;1371;SECRETARIA DE ESTADO DE MEIO AMBIENTE E DESENVOLVIMENTO SUSTENTAVEL;517;2025-12-03;1501561 000038/2025;DISPENSA DE LICITAÇÃO - LEI 14.133;37;LOCACAO DE MAO-DE-OBRA;3705;DESPESAS COM O PAGAMENTO DE ENCARGOS TRABALHISTAS A MGS;80;RECURSOS DO ACORDO DE REPACTUACAO DO RIO DOCE;33.224.254/0001-42;MGS MINAS GERAIS ADMINISTRACAO E SERVICOS S/A;940,49;275,26;275,26;;;;;;;940,49;;;;275,26
2025;9468057;1371;SECRETARIA DE ESTADO DE MEIO AMBIENTE E DESENVOLVIMENTO SUSTENTAVEL;518;2025-12-04;1501561 000038/2025;DISPENSA DE LICITAÇÃO - LEI 14.133;37;LOCACAO DE MAO-DE-OBRA;3705;DESPESAS COM O PAGAMENTO DE ENCARGOS TRABALHISTAS A MGS;80;RECURSOS DO ACORDO DE REPACTUACAO DO RIO DOCE;33.224.254/0001-42;MGS MINAS GERAIS ADMINISTRACAO E SERVICOS S/A;1914,68;441,85;441,85;;;;;;;1914,68;;;;441,85
2025;9468057;1371;SECRETARIA DE ESTADO DE MEIO AMBIENTE E DESENVOLVIMENTO SUSTENTAVEL;541;2025-12-04;1501561 000038/2025;DISPENSA DE LICITAÇÃO - LEI 14.133;37;LOCACAO DE MAO-DE-OBRA;3705;DESPESAS COM O PAGAMENTO DE ENCARGOS TRABALHISTAS A MGS;80;RECURSOS DO ACORDO DE REPACTUACAO DO RIO DOCE;33.224.254/0001-42;MGS MINAS GERAIS ADMINISTRACAO E SERVICOS S/A;6406,82;2479,27;2479,27;;;;;;;6406,82;;;;2479,27
2025;9468057;1371;SECRETARIA DE ESTADO DE MEIO AMBIENTE E DESENVOLVIMENTO SUSTENTAVEL;555;2025-12-04;1501561 000038/2025;DISPENSA DE LICITAÇÃO - LEI 14.133;37;LOCACAO DE MAO-DE-OBRA;3705;DESPESAS COM O PAGAMENTO DE ENCARGOS TRABALHISTAS A MGS;80;RECURSOS DO ACORDO DE REPACTUACAO DO RIO DOCE;33.224.254/0001-42;MGS MINAS GERAIS ADMINISTRACAO E SERVICOS S/A;1718,3;589,13;589,13;;;;;;;1718,3;;;;589,13
2025;9468057;1371;SECRETARIA DE ESTADO DE MEIO AMBIENTE E DESENVOLVIMENTO SUSTENTAVEL;612;2025-12-09;1501561 000038/2025;DISPENSA DE LICITAÇÃO - LEI 14.133;37;LOCACAO DE MAO-DE-OBRA;3704;LOCACAO DE SERVICOS DE APOIO ADMINISTRATIVO REALIZADOS PELA MGS;80;RECURSOS DO ACORDO DE REPACTUACAO DO RIO DOCE;33.224.254/0001-42;MGS MINAS GERAIS ADMINISTRACAO E SERVICOS S/A;90175,06;33064,19;16091,35;;;;;;;90175,06;;;;16091,35
2025;9468057;1371;SECRETARIA DE ESTADO DE MEIO AMBIENTE E DESENVOLVIMENTO SUSTENTAVEL;613;2025-12-09;1501561 000038/2025;DISPENSA DE LICITAÇÃO - LEI 14.133;37;LOCACAO DE MAO-DE-OBRA;3705;DESPESAS COM O PAGAMENTO DE ENCARGOS TRABALHISTAS A MGS;80;RECURSOS DO ACORDO DE REPACTUACAO DO RIO DOCE;33.224.254/0001-42;MGS MINAS GERAIS ADMINISTRACAO E SERVICOS S/A;3096,53;1621,99;1621,99;;;;;;;3096,53;;;;1621,99
2025;9468057;1371;SECRETARIA DE ESTADO DE MEIO AMBIENTE E DESENVOLVIMENTO SUSTENTAVEL;614;2025-12-09;1501561 000038/2025;DISPENSA DE LICITAÇÃO - LEI 14.133;37;LOCACAO DE MAO-DE-OBRA;3704;LOCACAO DE SERVICOS DE APOIO ADMINISTRATIVO REALIZADOS PELA MGS;80;RECURSOS DO ACORDO DE REPACTUACAO DO RIO DOCE;33.224.254/0001-42;MGS MINAS GERAIS ADMINISTRACAO E SERVICOS S/A;61754,81;17395,72;15482,19;;;;;;;61754,81;;;;15482,19
2025;9468057;1371;SECRETARIA DE ESTADO DE MEIO AMBIENTE E DESENVOLVIMENTO SUSTENTAVEL;615;2025-12-09;1501561 000038/2025;DISPENSA DE LICITAÇÃO - LEI 14.133;37;LOCACAO DE MAO-DE-OBRA;3704;LOCACAO DE SERVICOS DE APOIO ADMINISTRATIVO REALIZADOS PELA MGS;80;RECURSOS DO ACORDO DE REPACTUACAO DO RIO DOCE;33.224.254/0001-42;MGS MINAS GERAIS ADMINISTRACAO E SERVICOS S/A;139270,37;28054,46;24968,47;;;;;;;139270,37;;;;24968,47
2025;9468057;1371;SECRETARIA DE ESTADO DE MEIO AMBIENTE E DESENVOLVIMENTO SUSTENTAVEL;616;2025-12-09;1501561 000038/2025;DISPENSA DE LICITAÇÃO - LEI 14.133;37;LOCACAO DE MAO-DE-OBRA;3704;LOCACAO DE SERVICOS DE APOIO ADMINISTRATIVO REALIZADOS PELA MGS;80;RECURSOS DO ACORDO DE REPACTUACAO DO RIO DOCE;33.224.254/0001-42;MGS MINAS GERAIS ADMINISTRACAO E SERVICOS S/A;24485,27;11129,67;11129,67;;;;;;;24485,27;;;;11129,67
2025;9468057;1371;SECRETARIA DE ESTADO DE MEIO AMBIENTE E DESENVOLVIMENTO SUSTENTAVEL;617;2025-12-09;1501561 000038/2025;DISPENSA DE LICITAÇÃO - LEI 14.133;37;LOCACAO DE MAO-DE-OBRA;3704;LOCACAO DE SERVICOS DE APOIO ADMINISTRATIVO REALIZADOS PELA MGS;80;RECURSOS DO ACORDO DE REPACTUACAO DO RIO DOCE;33.224.254/0001-42;MGS MINAS GERAIS ADMINISTRACAO E SERVICOS S/A;36737,09;16698,68;16698,68;;;;;;;36737,09;;;;16698,68
2025;9468057;1371;SECRETARIA DE ESTADO DE MEIO AMBIENTE E DESENVOLVIMENTO SUSTENTAVEL;618;2025-12-09;1501561 000038/2025;DISPENSA DE LICITAÇÃO - LEI 14.133;37;LOCACAO DE MAO-DE-OBRA;3704;LOCACAO DE SERVICOS DE APOIO ADMINISTRATIVO REALIZADOS PELA MGS;80;RECURSOS DO ACORDO DE REPACTUACAO DO RIO DOCE;33.224.254/0001-42;MGS MINAS GERAIS ADMINISTRACAO E SERVICOS S/A;327636,04;119231,47;102876,47;;;;;;;327636,04;;;;102876,47
2025;9468057;1371;SECRETARIA DE ESTADO DE MEIO AMBIENTE E DESENVOLVIMENTO SUSTENTAVEL;619;2025-12-09;1501561 000038/2025;DISPENSA DE LICITAÇÃO - LEI 14.133;37;LOCACAO DE MAO-DE-OBRA;3705;DESPESAS COM O PAGAMENTO DE ENCARGOS TRABALHISTAS A MGS;80;RECURSOS DO ACORDO DE REPACTUACAO DO RIO DOCE;33.224.254/0001-42;MGS MINAS GERAIS ADMINISTRACAO E SERVICOS S/A;3096,53;1621,99;1621,99;;;;;;;3096,53;;;;1621,99
2025;9468057;1371;SECRETARIA DE ESTADO DE MEIO AMBIENTE E DESENVOLVIMENTO SUSTENTAVEL;620;2025-12-09;1501561 000038/2025;DISPENSA DE LICITAÇÃO - LEI 14.133;37;LOCACAO DE MAO-DE-OBRA;3704;LOCACAO DE SERVICOS DE APOIO ADMINISTRATIVO REALIZADOS PELA MGS;80;RECURSOS DO ACORDO DE REPACTUACAO DO RIO DOCE;33.224.254/0001-42;MGS MINAS GERAIS ADMINISTRACAO E SERVICOS S/A;96186,73;39075,86;34566,66;;;;;;;96186,73;;;;34566,66
2025;9468057;1371;SECRETARIA DE ESTADO DE MEIO AMBIENTE E DESENVOLVIMENTO SUSTENTAVEL;621;2025-12-09;1501561 000038/2025;DISPENSA DE LICITAÇÃO - LEI 14.133;37;LOCACAO DE MAO-DE-OBRA;3705;DESPESAS COM O PAGAMENTO DE ENCARGOS TRABALHISTAS A MGS;80;RECURSOS DO ACORDO DE REPACTUACAO DO RIO DOCE;33.224.254/0001-42;MGS MINAS GERAIS ADMINISTRACAO E SERVICOS S/A;3391,44;1916,9;1916,9;;;;;;;3391,44;;;;1916,9
2025;9468055;1501;SECRETARIA DE ESTADO DE PLANEJAMENTO E GESTAO;74;2025-12-11;1501561 000038/2025;DISPENSA DE LICITAÇÃO - LEI 14.133;37;LOCACAO DE MAO-DE-OBRA;3704;LOCACAO DE SERVICOS DE APOIO ADMINISTRATIVO REALIZADOS PELA MGS;80;RECURSOS DO ACORDO DE REPACTUACAO DO RIO DOCE;33.224.254/0001-42;MGS MINAS GERAIS ADMINISTRACAO E SERVICOS S/A;32679,4;0,0;0,0;;;;;;;32679,4;;;;0,0
2025;9468055;4251;FUNDO ESTADUAL DE ASSISTENCIA SOCIAL;1742;2025-12-11;1501561 000038/2025;DISPENSA DE LICITAÇÃO - LEI 14.133;37;LOCACAO DE MAO-DE-OBRA;3704;LOCACAO DE SERVICOS DE APOIO ADMINISTRATIVO REALIZADOS PELA MGS;80;RECURSOS DO ACORDO DE REPACTUACAO DO RIO DOCE;33.224.254/0001-42;MGS MINAS GERAIS ADMINISTRACAO E SERVICOS S/A;91324,08;27397,23;21729,04;;;;;;;91324,08;;;;21729,04
2025;9468055;4251;FUNDO ESTADUAL DE ASSISTENCIA SOCIAL;1743;2025-12-11;1501561 000038/2025;DISPENSA DE LICITAÇÃO - LEI 14.133;37;LOCACAO DE MAO-DE-OBRA;3705;DESPESAS COM O PAGAMENTO DE ENCARGOS TRABALHISTAS A MGS;80;RECURSOS DO ACORDO DE REPACTUACAO DO RIO DOCE;33.224.254/0001-42;MGS MINAS GERAIS ADMINISTRACAO E SERVICOS S/A;3240,24;785,51;747,81;;;;;;;3240,24;;;;747,81
2025;9468055;4251;FUNDO ESTADUAL DE ASSISTENCIA SOCIAL;1744;2025-12-11;1501561 000038/2025;DISPENSA DE LICITAÇÃO - LEI 14.133;37;LOCACAO DE MAO-DE-OBRA;3705;DESPESAS COM O PAGAMENTO DE ENCARGOS TRABALHISTAS A MGS;80;RECURSOS DO ACORDO DE REPACTUACAO DO RIO DOCE;33.224.254/0001-42;MGS MINAS GERAIS ADMINISTRACAO E SERVICOS S/A;2959,76;0,0;0,0;;;;;;;2959,76;;;;0,0
2025;9468055;4251;FUNDO ESTADUAL DE ASSISTENCIA SOCIAL;1746;2025-12-11;1501561 000038/2025;DISPENSA DE LICITAÇÃO - LEI 14.133;37;LOCACAO DE MAO-DE-OBRA;3705;DESPESAS COM O PAGAMENTO DE ENCARGOS TRABALHISTAS A MGS;80;RECURSOS DO ACORDO DE REPACTUACAO DO RIO DOCE;33.224.254/0001-42;MGS MINAS GERAIS ADMINISTRACAO E SERVICOS S/A;100,0;0,0;0,0;;;;;;;100,0;;;;0,0
2025;9468055;1501;SECRETARIA DE ESTADO DE PLANEJAMENTO E GESTAO;75;2025-12-12;0000000 000000/0000;NÃO SE APLICA;33;PASSAGENS E DESPESAS COM LOCOMOCAO;3302;DESPESAS COM TRANSPORTE URBANO, PEDAGIO E ESTACIONAMETO PESSOA FISICA;80;RECURSOS DO ACORDO DE REPACTUACAO DO RIO DOCE;081.095.446/06;TAMYRIS DE OLIVEIRA PEREIRA CARDOSO;320,03;320,03;320,03;;;;;;;320,03;;;;320,03
2025;9468055;1501;SECRETARIA DE ESTADO DE PLANEJAMENTO E GESTAO;76;2025-12-12;0000000 000000/0000;NÃO SE APLICA;33;PASSAGENS E DESPESAS COM LOCOMOCAO;3302;DESPESAS COM TRANSPORTE URBANO, PEDAGIO E ESTACIONAMETO PESSOA FISICA;80;RECURSOS DO ACORDO DE REPACTUACAO DO RIO DOCE;083.108.356/55;THAIS CRISTINA LOPES DE ARAUJO VILAS BOAS;171,07;171,07;171,07;;;;;;;171,07;;;;171,07
2025;9468057;1371;SECRETARIA DE ESTADO DE MEIO AMBIENTE E DESENVOLVIMENTO SUSTENTAVEL;638;2025-12-17;1501561 000038/2025;DISPENSA DE LICITAÇÃO - LEI 14.133;37;LOCACAO DE MAO-DE-OBRA;3704;LOCACAO DE SERVICOS DE APOIO ADMINISTRATIVO REALIZADOS PELA MGS;80;RECURSOS DO ACORDO DE REPACTUACAO DO RIO DOCE;33.224.254/0001-42;MGS MINAS GERAIS ADMINISTRACAO E SERVICOS S/A;20038,41;0,0;0,0;;;;;;;20038,41;;;;0,0
2025;9468057;1371;SECRETARIA DE ESTADO DE MEIO AMBIENTE E DESENVOLVIMENTO SUSTENTAVEL;639;2025-12-17;1501561 000038/2025;DISPENSA DE LICITAÇÃO - LEI 14.133;37;LOCACAO DE MAO-DE-OBRA;3705;DESPESAS COM O PAGAMENTO DE ENCARGOS TRABALHISTAS A MGS;80;RECURSOS DO ACORDO DE REPACTUACAO DO RIO DOCE;33.224.254/0001-42;MGS MINAS GERAIS ADMINISTRACAO E SERVICOS S/A;2850,78;0,0;0,0;;;;;;;2850,78;;;;0,0
2025;9468057;1371;SECRETARIA DE ESTADO DE MEIO AMBIENTE E DESENVOLVIMENTO SUSTENTAVEL;640;2025-12-17;1501561 000038/2025;DISPENSA DE LICITAÇÃO - LEI 14.133;37;LOCACAO DE MAO-DE-OBRA;3704;LOCACAO DE SERVICOS DE APOIO ADMINISTRATIVO REALIZADOS PELA MGS;80;RECURSOS DO ACORDO DE REPACTUACAO DO RIO DOCE;33.224.254/0001-42;MGS MINAS GERAIS ADMINISTRACAO E SERVICOS S/A;18034,57;0,0;0,0;;;;;;;18034,57;;;;0,0
2025;9468055;1481;SECRETARIA DE ESTADO DE DESENVOLVIMENTO SOCIAL;31;2025-12-18;1501561 000038/2025;DISPENSA DE LICITAÇÃO - LEI 14.133;37;LOCACAO DE MAO-DE-OBRA;3704;LOCACAO DE SERVICOS DE APOIO ADMINISTRATIVO REALIZADOS PELA MGS;80;RECURSOS DO ACORDO DE REPACTUACAO DO RIO DOCE;33.224.254/0001-42;MGS MINAS GERAIS ADMINISTRACAO E SERVICOS S/A;60882,72;0,0;0,0;;;;;;;60882,72;;;;0,0
2025;9468055;1481;SECRETARIA DE ESTADO DE DESENVOLVIMENTO SOCIAL;32;2025-12-18;1501561 000038/2025;DISPENSA DE LICITAÇÃO - LEI 14.133;37;LOCACAO DE MAO-DE-OBRA;3705;DESPESAS COM O PAGAMENTO DE ENCARGOS TRABALHISTAS A MGS;80;RECURSOS DO ACORDO DE REPACTUACAO DO RIO DOCE;33.224.254/0001-42;MGS MINAS GERAIS ADMINISTRACAO E SERVICOS S/A;2160,16;0,0;0,0;;;;;;;2160,16;;;;0,0
2025;9468055;1481;SECRETARIA DE ESTADO DE DESENVOLVIMENTO SOCIAL;57;2025-12-18;1501561 000038/2025;DISPENSA DE LICITAÇÃO - LEI 14.133;37;LOCACAO DE MAO-DE-OBRA;3704;LOCACAO DE SERVICOS DE APOIO ADMINISTRATIVO REALIZADOS PELA MGS;80;RECURSOS DO ACORDO DE REPACTUACAO DO RIO DOCE;33.224.254/0001-42;MGS MINAS GERAIS ADMINISTRACAO E SERVICOS S/A;30441,36;12176,54;10252,65;;;;;;;30441,36;;;;10252,65
2025;9468055;1481;SECRETARIA DE ESTADO DE DESENVOLVIMENTO SOCIAL;58;2025-12-18;1501561 000038/2025;DISPENSA DE LICITAÇÃO - LEI 14.133;37;LOCACAO DE MAO-DE-OBRA;3705;DESPESAS COM O PAGAMENTO DE ENCARGOS TRABALHISTAS A MGS;80;RECURSOS DO ACORDO DE REPACTUACAO DO RIO DOCE;33.224.254/0001-42;MGS MINAS GERAIS ADMINISTRACAO E SERVICOS S/A;1080,08;343,66;327,16;;;;;;;1080,08;;;;327,16
2025;9473171;1221;SECRETARIA DE ESTADO DE DESENVOLVIMENTO ECONOMICO;293;2025-12-23;1221002 000024/2025;DISPENSA DE LICITAÇÃO - LEI 14.133;39;OUTROS SERVICOS DE TERCEIROS - PESSOA JURIDICA;3963;SERVICOS DE LEVANTAMENTO E CADASTRAMENTO PARA EXECUCAO DE POL PUBLICAS;80;RECURSOS DO ACORDO DE REPACTUACAO DO RIO DOCE;17.161.837/0001-15;COMPANHIA DE HABITACAO DO ESTADO DE MINAS GERAIS - COHAB MINAS;7565835,0;0,0;0,0;;;;;;;7565835,0;;;;0,0
2025;9480259;1221;SECRETARIA DE ESTADO DE DESENVOLVIMENTO ECONOMICO;295;2025-12-23;0000000 000000/0000;NÃO SE APLICA;41;CONTRIBUICOES;4101;CONTRIBUICOES;80;RECURSOS DO ACORDO DE REPACTUACAO DO RIO DOCE;16.589.137/0001-63;SERVICO DE APOIO AS MICRO E PEQUENAS EMPRESAS DE MINAS GERAIS - SEBRAE;4085000,0;4085000,0;4085000,0;;;;;;;4085000,0;;;;4085000,0
2025;9468055;1231;SECRETARIA DE ESTADO DE AGRICULTURA, PECUARIA E ABASTECIMENTO;573;2025-12-24;1501561 000038/2025;DISPENSA DE LICITAÇÃO - LEI 14.133;37;LOCACAO DE MAO-DE-OBRA;3704;LOCACAO DE SERVICOS DE APOIO ADMINISTRATIVO REALIZADOS PELA MGS;80;RECURSOS DO ACORDO DE REPACTUACAO DO RIO DOCE;33.224.254/0001-42;MGS MINAS GERAIS ADMINISTRACAO E SERVICOS S/A;27397,22;27397,22;0,0;;;;;;;27397,22;;;;0,0
2025;9468055;1231;SECRETARIA DE ESTADO DE AGRICULTURA, PECUARIA E ABASTECIMENTO;577;2025-12-24;1501561 000038/2025;DISPENSA DE LICITAÇÃO - LEI 14.133;37;LOCACAO DE MAO-DE-OBRA;3705;DESPESAS COM O PAGAMENTO DE ENCARGOS TRABALHISTAS A MGS;80;RECURSOS DO ACORDO DE REPACTUACAO DO RIO DOCE;33.224.254/0001-42;MGS MINAS GERAIS ADMINISTRACAO E SERVICOS S/A;687,32;687,32;0,0;;;;;;;687,32;;;;0,0
2025;9456627;1401;CORPO DE BOMBEIROS MILITAR DO ESTADO DE MINAS GERAIS;182;2025-12-29;1401104 000113/2025;REGISTRO DE PRECO REALIZADO NO SIRP - LEI 14.133;52;EQUIPAMENTOS E MATERIAL PERMANENTE;5217;VEICULOS;80;RECURSOS DO ACORDO DE REPACTUACAO DO RIO DOCE;03.093.776/0011-63;MANUPA COMERCIO EXPORTACAO IMPORTACAO DE EQUIPAMENTOS E VEICULOS ADAPT;279949,0;0,0;0,0;;;;;;;279949,0;;;;0,0
2025;9456627;1401;CORPO DE BOMBEIROS MILITAR DO ESTADO DE MINAS GERAIS;183;2025-12-29;1401104 000113/2025;REGISTRO DE PRECO REALIZADO NO SIRP - LEI 14.133;52;EQUIPAMENTOS E MATERIAL PERMANENTE;5217;VEICULOS;80;RECURSOS DO ACORDO DE REPACTUACAO DO RIO DOCE;16.701.716/0036-86;STELLANTIS AUTOMOVEIS BRASIL LTDA.;172000,0;0,0;0,0;;;;;;;172000,0;;;;0,0
2025;9452379;1491;SECRETARIA DE ESTADO DE GOVERNO;3932;2025-12-29;0000000 000000/0000;NÃO SE APLICA;42;AUXILIOS;4201;AUXILIOS;80;RECURSOS DO ACORDO DE REPACTUACAO DO RIO DOCE;18.316.257/0001-12;PM PIEDADE DE PONTE NOVA;5000000,0;5000000,0;0,0;;;;;;;5000000,0;;;;0,0
2025;9456627;1401;CORPO DE BOMBEIROS MILITAR DO ESTADO DE MINAS GERAIS;194;2025-12-30;1401104 000110/2025;REGISTRO DE PRECO REALIZADO NO SIRP - LEI 14.133;52;EQUIPAMENTOS E MATERIAL PERMANENTE;5217;VEICULOS;80;RECURSOS DO ACORDO DE REPACTUACAO DO RIO DOCE;92.249.150/0001-51;MITREN - SISTEMAS E MONTAGENS VEICULARES S.A.;1949000,0;0,0;0,0;;;;;;;1949000,0;;;;0,0
2026;9452379;2301;DEPARTAMENTO DE ESTRADAS DE RODAGEM DO ESTADO DE MINAS GERAIS;1;2026-01-27;2301520 000024/2025;CONCORRENCIA - LEI 14.133;39;OUTROS SERVICOS DE TERCEIROS - PESSOA JURIDICA;3951;SERVICOS DE GERENCIAMENTO, SUPERVISAO E FISCALIZACAO DE OBRAS;80;RECURSOS DO ACORDO DE REPACTUACAO DO RIO DOCE;34.037.705/0001-03;PRODEC CONSULTORIA PARA DECISAO SOCIEDADE SIMPLES LTDA.;0,0;0,0;0,0;;;0,0;;23767,08;;0,0;;;;0,0
2026;9452379;2301;DEPARTAMENTO DE ESTRADAS DE RODAGEM DO ESTADO DE MINAS GERAIS;8;2026-01-27;2301520 000012/2025;REGISTRO DE PRECO REALIZADO NO SIRP - LEI 14.133;51;OBRAS E INSTALACOES;5112;MATERIAL PARA OBRAS - BENS NAO PATRIMONIAVEIS;80;RECURSOS DO ACORDO DE REPACTUACAO DO RIO DOCE;01.593.821/0010-32;CENTRO OESTE ASFALTOS S/A;0,0;0,0;0,0;;;0,0;;23767,08;;0,0;;;;0,0
2026;9452379;2301;DEPARTAMENTO DE ESTRADAS DE RODAGEM DO ESTADO DE MINAS GERAIS;9;2026-01-27;2301520 000012/2025;REGISTRO DE PRECO REALIZADO NO SIRP - LEI 14.133;51;OBRAS E INSTALACOES;5112;MATERIAL PARA OBRAS - BENS NAO PATRIMONIAVEIS;80;RECURSOS DO ACORDO DE REPACTUACAO DO RIO DOCE;01.593.821/0010-32;CENTRO OESTE ASFALTOS S/A;0,0;0,0;0,0;;;0,0;;23767,08;;0,0;;;;0,0
2026;9452379;2301;DEPARTAMENTO DE ESTRADAS DE RODAGEM DO ESTADO DE MINAS GERAIS;10;2026-01-27;2301520 000021/2025;REGISTRO DE PRECO REALIZADO NO SIRP - LEI 14.133;51;OBRAS E INSTALACOES;5112;MATERIAL PARA OBRAS - BENS NAO PATRIMONIAVEIS;80;RECURSOS DO ACORDO DE REPACTUACAO DO RIO DOCE;02.351.006/0006-43;GRECA DISTRIBUIDORA DE ASFALTOS LTDA.;0,0;0,0;0,0;;;0,0;;23767,08;;0,0;;;;0,0
2026;9452379;2301;DEPARTAMENTO DE ESTRADAS DE RODAGEM DO ESTADO DE MINAS GERAIS;11;2026-01-27;0000000 000000/0000;NÃO SE APLICA;93;INDENIZACOES E RESTITUICOES;9399;OUTRAS INDENIZACOES E RESTITUICOES;80;RECURSOS DO ACORDO DE REPACTUACAO DO RIO DOCE;02.351.006/0006-43;GRECA DISTRIBUIDORA DE ASFALTOS LTDA.;0,0;0,0;0,0;;;0,0;;23767,08;;0,0;;;;0,0
2026;9452379;2301;DEPARTAMENTO DE ESTRADAS DE RODAGEM DO ESTADO DE MINAS GERAIS;12;2026-01-27;0000000 000000/0000;NÃO SE APLICA;93;INDENIZACOES E RESTITUICOES;9399;OUTRAS INDENIZACOES E RESTITUICOES;80;RECURSOS DO ACORDO DE REPACTUACAO DO RIO DOCE;01.593.821/0010-32;CENTRO OESTE ASFALTOS S/A;0,0;0,0;0,0;;;0,0;;23767,08;;0,0;;;;0,0
2026;9468055;1231;SECRETARIA DE ESTADO DE AGRICULTURA, PECUARIA E ABASTECIMENTO;20;2026-01-30;1501561 000038/2025;DISPENSA DE LICITAÇÃO - LEI 14.133;37;LOCACAO DE MAO-DE-OBRA;3704;LOCACAO DE SERVICOS DE APOIO ADMINISTRATIVO REALIZADOS PELA MGS;80;RECURSOS DO ACORDO DE REPACTUACAO DO RIO DOCE;33.224.254/0001-42;MGS MINAS GERAIS ADMINISTRACAO E SERVICOS S/A;182648,16;91208,86;76797,85;;;0,0;;0,0;;182648,16;;;;76797,85
2026;9468055;1231;SECRETARIA DE ESTADO DE AGRICULTURA, PECUARIA E ABASTECIMENTO;21;2026-01-30;1501561 000038/2025;DISPENSA DE LICITAÇÃO - LEI 14.133;37;LOCACAO DE MAO-DE-OBRA;3705;DESPESAS COM O PAGAMENTO DE ENCARGOS TRABALHISTAS A MGS;80;RECURSOS DO ACORDO DE REPACTUACAO DO RIO DOCE;33.224.254/0001-42;MGS MINAS GERAIS ADMINISTRACAO E SERVICOS S/A;5891,4;2896,58;2757,55;;;0,0;;0,0;;5891,4;;;;2757,55
2026;9468055;1481;SECRETARIA DE ESTADO DE DESENVOLVIMENTO SOCIAL;1;2026-02-02;1501561 000038/2025;DISPENSA DE LICITAÇÃO - LEI 14.133;37;LOCACAO DE MAO-DE-OBRA;3704;LOCACAO DE SERVICOS DE APOIO ADMINISTRATIVO REALIZADOS PELA MGS;80;RECURSOS DO ACORDO DE REPACTUACAO DO RIO DOCE;33.224.254/0001-42;MGS MINAS GERAIS ADMINISTRACAO E SERVICOS S/A;90309,37;90309,37;76040,48;;;0,0;;0,0;;90309,37;;;;76040,48
2026;9468055;1481;SECRETARIA DE ESTADO DE DESENVOLVIMENTO SOCIAL;2;2026-02-02;1501561 000038/2025;DISPENSA DE LICITAÇÃO - LEI 14.133;37;LOCACAO DE MAO-DE-OBRA;3704;LOCACAO DE SERVICOS DE APOIO ADMINISTRATIVO REALIZADOS PELA MGS;80;RECURSOS DO ACORDO DE REPACTUACAO DO RIO DOCE;33.224.254/0001-42;MGS MINAS GERAIS ADMINISTRACAO E SERVICOS S/A;45662,04;45662,04;38447,46;;;0,0;;0,0;;45662,04;;;;38447,46
2026;9468055;1481;SECRETARIA DE ESTADO DE DESENVOLVIMENTO SOCIAL;2;2026-02-02;1501561 000038/2025;DISPENSA DE LICITAÇÃO - LEI 14.133;37;LOCACAO DE MAO-DE-OBRA;3705;DESPESAS COM O PAGAMENTO DE ENCARGOS TRABALHISTAS A MGS;80;RECURSOS DO ACORDO DE REPACTUACAO DO RIO DOCE;33.224.254/0001-42;MGS MINAS GERAIS ADMINISTRACAO E SERVICOS S/A;2994,77;2896,59;2757,56;;;0,0;;0,0;;2994,77;;;;2757,56
2026;9468055;1481;SECRETARIA DE ESTADO DE DESENVOLVIMENTO SOCIAL;3;2026-02-02;1501561 000038/2025;DISPENSA DE LICITAÇÃO - LEI 14.133;37;LOCACAO DE MAO-DE-OBRA;3705;DESPESAS COM O PAGAMENTO DE ENCARGOS TRABALHISTAS A MGS;80;RECURSOS DO ACORDO DE REPACTUACAO DO RIO DOCE;33.224.254/0001-42;MGS MINAS GERAIS ADMINISTRACAO E SERVICOS S/A;1448,29;1448,29;1378,77;;;0,0;;0,0;;1448,29;;;;1378,77
2026;9468055;4251;FUNDO ESTADUAL DE ASSISTENCIA SOCIAL;13;2026-02-02;1501561 000038/2025;DISPENSA DE LICITAÇÃO - LEI 14.133;37;LOCACAO DE MAO-DE-OBRA;3704;LOCACAO DE SERVICOS DE APOIO ADMINISTRATIVO REALIZADOS PELA MGS;80;RECURSOS DO ACORDO DE REPACTUACAO DO RIO DOCE;33.224.254/0001-42;MGS MINAS GERAIS ADMINISTRACAO E SERVICOS S/A;45662,04;45662,04;38447,44;;;0,0;;0,0;;45662,04;;;;38447,44
2026;9468055;4251;FUNDO ESTADUAL DE ASSISTENCIA SOCIAL;14;2026-02-02;1501561 000038/2025;DISPENSA DE LICITAÇÃO - LEI 14.133;37;LOCACAO DE MAO-DE-OBRA;3705;DESPESAS COM O PAGAMENTO DE ENCARGOS TRABALHISTAS A MGS;80;RECURSOS DO ACORDO DE REPACTUACAO DO RIO DOCE;33.224.254/0001-42;MGS MINAS GERAIS ADMINISTRACAO E SERVICOS S/A;1472,85;1472,85;1402,15;;;0,0;;0,0;;1472,85;;;;1402,15
2026;9468055;1221;SECRETARIA DE ESTADO DE DESENVOLVIMENTO ECONOMICO;65;2026-02-05;1501561 000038/2025;DISPENSA DE LICITAÇÃO - LEI 14.133;37;LOCACAO DE MAO-DE-OBRA;3704;LOCACAO DE SERVICOS DE APOIO ADMINISTRATIVO REALIZADOS PELA MGS;80;RECURSOS DO ACORDO DE REPACTUACAO DO RIO DOCE;33.224.254/0001-42;MGS MINAS GERAIS ADMINISTRACAO E SERVICOS S/A;120750,72;90309,36;76040,47;;;0,0;;0,0;;120750,72;;;;76040,47
2026;9468055;1221;SECRETARIA DE ESTADO DE DESENVOLVIMENTO ECONOMICO;66;2026-02-05;1501561 000038/2025;DISPENSA DE LICITAÇÃO - LEI 14.133;37;LOCACAO DE MAO-DE-OBRA;3705;DESPESAS COM O PAGAMENTO DE ENCARGOS TRABALHISTAS A MGS;80;RECURSOS DO ACORDO DE REPACTUACAO DO RIO DOCE;33.224.254/0001-42;MGS MINAS GERAIS ADMINISTRACAO E SERVICOS S/A;6755,74;2872,03;2734,18;;;0,0;;0,0;;6755,74;;;;2734,18
2026;9468055;1501;SECRETARIA DE ESTADO DE PLANEJAMENTO E GESTAO;2;2026-02-06;1501561 000038/2025;DISPENSA DE LICITAÇÃO - LEI 14.133;37;LOCACAO DE MAO-DE-OBRA;3705;DESPESAS COM O PAGAMENTO DE ENCARGOS TRABALHISTAS A MGS;80;RECURSOS DO ACORDO DE REPACTUACAO DO RIO DOCE;33.224.254/0001-42;MGS MINAS GERAIS ADMINISTRACAO E SERVICOS S/A;41000,01;24274,84;22699,98;;;0,0;;0,0;;41000,01;;;;22699,98
2026;9468055;1501;SECRETARIA DE ESTADO DE PLANEJAMENTO E GESTAO;3;2026-02-06;1501561 000038/2025;DISPENSA DE LICITAÇÃO - LEI 14.133;37;LOCACAO DE MAO-DE-OBRA;3704;LOCACAO DE SERVICOS DE APOIO ADMINISTRATIVO REALIZADOS PELA MGS;80;RECURSOS DO ACORDO DE REPACTUACAO DO RIO DOCE;33.224.254/0001-42;MGS MINAS GERAIS ADMINISTRACAO E SERVICOS S/A;245858,13;245858,13;203337,81;;;0,0;;0,0;;245858,13;;;;203337,81
2026;9468055;1501;SECRETARIA DE ESTADO DE PLANEJAMENTO E GESTAO;4;2026-02-06;1501561 000038/2025;DISPENSA DE LICITAÇÃO - LEI 14.133;37;LOCACAO DE MAO-DE-OBRA;3704;LOCACAO DE SERVICOS DE APOIO ADMINISTRATIVO REALIZADOS PELA MGS;80;RECURSOS DO ACORDO DE REPACTUACAO DO RIO DOCE;33.224.254/0001-42;MGS MINAS GERAIS ADMINISTRACAO E SERVICOS S/A;704066,05;681834,66;374537,54;;;0,0;;0,0;;704066,05;;;;374537,54
2026;9468055;1501;SECRETARIA DE ESTADO DE PLANEJAMENTO E GESTAO;5;2026-02-06;1501561 000038/2025;DISPENSA DE LICITAÇÃO - LEI 14.133;37;LOCACAO DE MAO-DE-OBRA;3705;DESPESAS COM O PAGAMENTO DE ENCARGOS TRABALHISTAS A MGS;80;RECURSOS DO ACORDO DE REPACTUACAO DO RIO DOCE;33.224.254/0001-42;MGS MINAS GERAIS ADMINISTRACAO E SERVICOS S/A;41200,0;32325,45;31176,65;;;0,0;;0,0;;41200,0;;;;31176,65
2026;9468055;1501;SECRETARIA DE ESTADO DE PLANEJAMENTO E GESTAO;6;2026-02-06;1501561 000038/2025;DISPENSA DE LICITAÇÃO - LEI 14.133;37;LOCACAO DE MAO-DE-OBRA;3705;DESPESAS COM O PAGAMENTO DE ENCARGOS TRABALHISTAS A MGS;80;RECURSOS DO ACORDO DE REPACTUACAO DO RIO DOCE;33.224.254/0001-42;MGS MINAS GERAIS ADMINISTRACAO E SERVICOS S/A;4400,03;4123,94;4013,18;;;0,0;;0,0;;4400,03;;;;4013,18
2026;9468055;1501;SECRETARIA DE ESTADO DE PLANEJAMENTO E GESTAO;7;2026-02-06;1501561 000038/2025;DISPENSA DE LICITAÇÃO - LEI 14.133;37;LOCACAO DE MAO-DE-OBRA;3704;LOCACAO DE SERVICOS DE APOIO ADMINISTRATIVO REALIZADOS PELA MGS;80;RECURSOS DO ACORDO DE REPACTUACAO DO RIO DOCE;33.224.254/0001-42;MGS MINAS GERAIS ADMINISTRACAO E SERVICOS S/A;128593,35;124716,4;114030,77;;;0,0;;0,0;;128593,35;;;;114030,77
2026;9452379;2301;DEPARTAMENTO DE ESTRADAS DE RODAGEM DO ESTADO DE MINAS GERAIS;84;2026-02-09;2301762 000001/2025;CONCORRENCIA - LEI 14.133;51;OBRAS E INSTALACOES;5107;EXECUCAO DE OBRAS POR CONTRATO DE BENS NAO PATRIMONIAVEIS;80;RECURSOS DO ACORDO DE REPACTUACAO DO RIO DOCE;17.311.358/0001-38;CONSTRUTORA SAGENDRA LTDA;8998606,85;1993938,99;1970011,73;;;0,0;;23767,08;;8998606,85;;;;1970011,73
2026;9468055;1501;SECRETARIA DE ESTADO DE PLANEJAMENTO E GESTAO;8;2026-02-12;0000000 000000/0000;NÃO SE APLICA;14;DIARIAS - CIVIL;1401;DIARIAS - CIVIL;80;RECURSOS DO ACORDO DE REPACTUACAO DO RIO DOCE;999.999.598/57;DIARIAS DE VIAGENS/PASSAGENS;25000,0;9128,3;9128,3;;;0,0;;0,0;;25000,0;;;;9128,3
2026;9452379;2301;DEPARTAMENTO DE ESTRADAS DE RODAGEM DO ESTADO DE MINAS GERAIS;49;2026-02-12;2301520 000036/2025;CONCORRENCIA - LEI 14.133;51;OBRAS E INSTALACOES;5107;EXECUCAO DE OBRAS POR CONTRATO DE BENS NAO PATRIMONIAVEIS;80;RECURSOS DO ACORDO DE REPACTUACAO DO RIO DOCE;22.247.399/0001-42;CONSTRUTORA CONTORNO LTDA;7500000,0;0,0;0,0;;;0,0;;23767,08;;7500000,0;;;;0,0
2026;9452379;2301;DEPARTAMENTO DE ESTRADAS DE RODAGEM DO ESTADO DE MINAS GERAIS;50;2026-02-12;2301520 000036/2025;CONCORRENCIA - LEI 14.133;51;OBRAS E INSTALACOES;5107;EXECUCAO DE OBRAS POR CONTRATO DE BENS NAO PATRIMONIAVEIS;80;RECURSOS DO ACORDO DE REPACTUACAO DO RIO DOCE;17.551.250/0001-12;VILASA CONSTRUTORA S/A.;7500000,0;0,0;0,0;;;0,0;;23767,08;;7500000,0;;;;0,0
2026;9468057;1371;SECRETARIA DE ESTADO DE MEIO AMBIENTE E DESENVOLVIMENTO SUSTENTAVEL;86;2026-02-12;1501561 000038/2025;DISPENSA DE LICITAÇÃO - LEI 14.133;37;LOCACAO DE MAO-DE-OBRA;3704;LOCACAO DE SERVICOS DE APOIO ADMINISTRATIVO REALIZADOS PELA MGS;80;RECURSOS DO ACORDO DE REPACTUACAO DO RIO DOCE;33.224.254/0001-42;MGS MINAS GERAIS ADMINISTRACAO E SERVICOS S/A;81629,65;81629,65;36193,73;;;0,0;;0,0;;81629,65;;;;36193,73
2026;9468057;1371;SECRETARIA DE ESTADO DE MEIO AMBIENTE E DESENVOLVIMENTO SUSTENTAVEL;87;2026-02-12;1501561 000038/2025;DISPENSA DE LICITAÇÃO - LEI 14.133;37;LOCACAO DE MAO-DE-OBRA;3704;LOCACAO DE SERVICOS DE APOIO ADMINISTRATIVO REALIZADOS PELA MGS;80;RECURSOS DO ACORDO DE REPACTUACAO DO RIO DOCE;33.224.254/0001-42;MGS MINAS GERAIS ADMINISTRACAO E SERVICOS S/A;260497,68;260497,68;231842,94;;;0,0;;0,0;;260497,68;;;;231842,94
2026;9468057;1371;SECRETARIA DE ESTADO DE MEIO AMBIENTE E DESENVOLVIMENTO SUSTENTAVEL;89;2026-02-12;1501561 000038/2025;DISPENSA DE LICITAÇÃO - LEI 14.133;37;LOCACAO DE MAO-DE-OBRA;3704;LOCACAO DE SERVICOS DE APOIO ADMINISTRATIVO REALIZADOS PELA MGS;80;RECURSOS DO ACORDO DE REPACTUACAO DO RIO DOCE;33.224.254/0001-42;MGS MINAS GERAIS ADMINISTRACAO E SERVICOS S/A;144083,8;144083,8;128234,58;;;0,0;;0,0;;144083,8;;;;128234,58
2026;9468057;1371;SECRETARIA DE ESTADO DE MEIO AMBIENTE E DESENVOLVIMENTO SUSTENTAVEL;90;2026-02-12;1501561 000038/2025;DISPENSA DE LICITAÇÃO - LEI 14.133;37;LOCACAO DE MAO-DE-OBRA;3704;LOCACAO DE SERVICOS DE APOIO ADMINISTRATIVO REALIZADOS PELA MGS;80;RECURSOS DO ACORDO DE REPACTUACAO DO RIO DOCE;33.224.254/0001-42;MGS MINAS GERAIS ADMINISTRACAO E SERVICOS S/A;7102,98;7102,98;6321,65;;;0,0;;0,0;;7102,98;;;;6321,65
2026;9468057;1371;SECRETARIA DE ESTADO DE MEIO AMBIENTE E DESENVOLVIMENTO SUSTENTAVEL;91;2026-02-12;1501561 000038/2025;DISPENSA DE LICITAÇÃO - LEI 14.133;37;LOCACAO DE MAO-DE-OBRA;3704;LOCACAO DE SERVICOS DE APOIO ADMINISTRATIVO REALIZADOS PELA MGS;80;RECURSOS DO ACORDO DE REPACTUACAO DO RIO DOCE;33.224.254/0001-42;MGS MINAS GERAIS ADMINISTRACAO E SERVICOS S/A;28702,94;28702,94;25545,62;;;0,0;;0,0;;28702,94;;;;25545,62
2026;9468057;1371;SECRETARIA DE ESTADO DE MEIO AMBIENTE E DESENVOLVIMENTO SUSTENTAVEL;92;2026-02-12;1501561 000038/2025;DISPENSA DE LICITAÇÃO - LEI 14.133;37;LOCACAO DE MAO-DE-OBRA;3704;LOCACAO DE SERVICOS DE APOIO ADMINISTRATIVO REALIZADOS PELA MGS;80;RECURSOS DO ACORDO DE REPACTUACAO DO RIO DOCE;33.224.254/0001-42;MGS MINAS GERAIS ADMINISTRACAO E SERVICOS S/A;223904,91;223904,91;199275,37;;;0,0;;0,0;;223904,91;;;;199275,37
2026;9468057;1371;SECRETARIA DE ESTADO DE MEIO AMBIENTE E DESENVOLVIMENTO SUSTENTAVEL;94;2026-02-13;1501561 000038/2025;DISPENSA DE LICITAÇÃO - LEI 14.133;37;LOCACAO DE MAO-DE-OBRA;3705;DESPESAS COM O PAGAMENTO DE ENCARGOS TRABALHISTAS A MGS;80;RECURSOS DO ACORDO DE REPACTUACAO DO RIO DOCE;33.224.254/0001-42;MGS MINAS GERAIS ADMINISTRACAO E SERVICOS S/A;1472,85;1472,85;1472,85;;;0,0;;0,0;;1472,85;;;;1472,85
2026;9468057;1371;SECRETARIA DE ESTADO DE MEIO AMBIENTE E DESENVOLVIMENTO SUSTENTAVEL;95;2026-02-13;1501561 000038/2025;DISPENSA DE LICITAÇÃO - LEI 14.133;37;LOCACAO DE MAO-DE-OBRA;3705;DESPESAS COM O PAGAMENTO DE ENCARGOS TRABALHISTAS A MGS;80;RECURSOS DO ACORDO DE REPACTUACAO DO RIO DOCE;33.224.254/0001-42;MGS MINAS GERAIS ADMINISTRACAO E SERVICOS S/A;458,77;458,77;458,77;;;0,0;;0,0;;458,77;;;;458,77
2026;9468057;1371;SECRETARIA DE ESTADO DE MEIO AMBIENTE E DESENVOLVIMENTO SUSTENTAVEL;96;2026-02-13;1501561 000038/2025;DISPENSA DE LICITAÇÃO - LEI 14.133;37;LOCACAO DE MAO-DE-OBRA;3705;DESPESAS COM O PAGAMENTO DE ENCARGOS TRABALHISTAS A MGS;80;RECURSOS DO ACORDO DE REPACTUACAO DO RIO DOCE;33.224.254/0001-42;MGS MINAS GERAIS ADMINISTRACAO E SERVICOS S/A;3853,95;3853,95;3853,95;;;0,0;;0,0;;3853,95;;;;3853,95
2026;9468057;1371;SECRETARIA DE ESTADO DE MEIO AMBIENTE E DESENVOLVIMENTO SUSTENTAVEL;97;2026-02-13;1501561 000038/2025;DISPENSA DE LICITAÇÃO - LEI 14.133;37;LOCACAO DE MAO-DE-OBRA;3705;DESPESAS COM O PAGAMENTO DE ENCARGOS TRABALHISTAS A MGS;80;RECURSOS DO ACORDO DE REPACTUACAO DO RIO DOCE;33.224.254/0001-42;MGS MINAS GERAIS ADMINISTRACAO E SERVICOS S/A;4909,5;4909,5;4909,5;;;0,0;;0,0;;4909,5;;;;4909,5
2026;9468057;1371;SECRETARIA DE ESTADO DE MEIO AMBIENTE E DESENVOLVIMENTO SUSTENTAVEL;98;2026-02-13;1501561 000038/2025;DISPENSA DE LICITAÇÃO - LEI 14.133;37;LOCACAO DE MAO-DE-OBRA;3705;DESPESAS COM O PAGAMENTO DE ENCARGOS TRABALHISTAS A MGS;80;RECURSOS DO ACORDO DE REPACTUACAO DO RIO DOCE;33.224.254/0001-42;MGS MINAS GERAIS ADMINISTRACAO E SERVICOS S/A;2749,31;2749,31;2749,31;;;0,0;;0,0;;2749,31;;;;2749,31
2026;9468057;1371;SECRETARIA DE ESTADO DE MEIO AMBIENTE E DESENVOLVIMENTO SUSTENTAVEL;99;2026-02-13;1501561 000038/2025;DISPENSA DE LICITAÇÃO - LEI 14.133;37;LOCACAO DE MAO-DE-OBRA;3705;DESPESAS COM O PAGAMENTO DE ENCARGOS TRABALHISTAS A MGS;80;RECURSOS DO ACORDO DE REPACTUACAO DO RIO DOCE;33.224.254/0001-42;MGS MINAS GERAIS ADMINISTRACAO E SERVICOS S/A;147,28;147,28;147,28;;;0,0;;0,0;;147,28;;;;147,28
2026;9493230;1071;GABINETE MILITAR DO GOVERNADOR DO ESTADO DE MINAS GERAIS;547;2026-02-20;1071030 000002/2026;REGISTRO DE PRECO REALIZADO NO SIRP - LEI 14.133;39;OUTROS SERVICOS DE TERCEIROS - PESSOA JURIDICA;3919;LOCACAO DE MAQUINAS E EQUIPAMENTOS;80;RECURSOS DO ACORDO DE REPACTUACAO DO RIO DOCE;36.758.622/0001-20;THOMPSON E DUARTE ENGENHARIA LTDA;3500000,0;0,0;0,0;;;;;;;3500000,0;;;;0,0
2026;9468055;1481;SECRETARIA DE ESTADO DE DESENVOLVIMENTO SOCIAL;9;2026-02-27;1501561 000038/2025;DISPENSA DE LICITAÇÃO - LEI 14.133;37;LOCACAO DE MAO-DE-OBRA;3705;DESPESAS COM O PAGAMENTO DE ENCARGOS TRABALHISTAS A MGS;80;RECURSOS DO ACORDO DE REPACTUACAO DO RIO DOCE;33.224.254/0001-42;MGS MINAS GERAIS ADMINISTRACAO E SERVICOS S/A;11000,0;0,0;0,0;;;0,0;;0,0;;11000,0;;;;0,0
2026;9480259;1221;SECRETARIA DE ESTADO DE DESENVOLVIMENTO ECONOMICO;96;2026-02-27;0000000 000000/0000;NÃO SE APLICA;14;DIARIAS - CIVIL;1401;DIARIAS - CIVIL;80;RECURSOS DO ACORDO DE REPACTUACAO DO RIO DOCE;999.999.598/57;DIARIAS DE VIAGENS/PASSAGENS;68125,0;912,7;912,7;;;;;;;68125,0;;;;912,7
2026;9468057;1371;SECRETARIA DE ESTADO DE MEIO AMBIENTE E DESENVOLVIMENTO SUSTENTAVEL;120;2026-03-03;1501561 000038/2025;DISPENSA DE LICITAÇÃO - LEI 14.133;37;LOCACAO DE MAO-DE-OBRA;3705;DESPESAS COM O PAGAMENTO DE ENCARGOS TRABALHISTAS A MGS;80;RECURSOS DO ACORDO DE REPACTUACAO DO RIO DOCE;33.224.254/0001-42;MGS MINAS GERAIS ADMINISTRACAO E SERVICOS S/A;9283,99;9283,97;9283,97;;;0,0;;0,0;;9283,99;;;;9283,97
2026;9468057;1371;SECRETARIA DE ESTADO DE MEIO AMBIENTE E DESENVOLVIMENTO SUSTENTAVEL;121;2026-03-03;1501561 000038/2025;DISPENSA DE LICITAÇÃO - LEI 14.133;37;LOCACAO DE MAO-DE-OBRA;3705;DESPESAS COM O PAGAMENTO DE ENCARGOS TRABALHISTAS A MGS;80;RECURSOS DO ACORDO DE REPACTUACAO DO RIO DOCE;33.224.254/0001-42;MGS MINAS GERAIS ADMINISTRACAO E SERVICOS S/A;2283,41;2283,38;2283,38;;;0,0;;0,0;;2283,41;;;;2283,38
2026;9468057;1371;SECRETARIA DE ESTADO DE MEIO AMBIENTE E DESENVOLVIMENTO SUSTENTAVEL;122;2026-03-03;1501561 000038/2025;DISPENSA DE LICITAÇÃO - LEI 14.133;37;LOCACAO DE MAO-DE-OBRA;3705;DESPESAS COM O PAGAMENTO DE ENCARGOS TRABALHISTAS A MGS;80;RECURSOS DO ACORDO DE REPACTUACAO DO RIO DOCE;33.224.254/0001-42;MGS MINAS GERAIS ADMINISTRACAO E SERVICOS S/A;14291,61;14291,59;14291,59;;;0,0;;0,0;;14291,61;;;;14291,59
2026;9468057;1371;SECRETARIA DE ESTADO DE MEIO AMBIENTE E DESENVOLVIMENTO SUSTENTAVEL;123;2026-03-03;1501561 000038/2025;DISPENSA DE LICITAÇÃO - LEI 14.133;37;LOCACAO DE MAO-DE-OBRA;3705;DESPESAS COM O PAGAMENTO DE ENCARGOS TRABALHISTAS A MGS;80;RECURSOS DO ACORDO DE REPACTUACAO DO RIO DOCE;33.224.254/0001-42;MGS MINAS GERAIS ADMINISTRACAO E SERVICOS S/A;27799,32;27799,3;26208,14;;;0,0;;0,0;;27799,32;;;;26208,14
2026;9468057;1371;SECRETARIA DE ESTADO DE MEIO AMBIENTE E DESENVOLVIMENTO SUSTENTAVEL;124;2026-03-03;1501561 000038/2025;DISPENSA DE LICITAÇÃO - LEI 14.133;37;LOCACAO DE MAO-DE-OBRA;3705;DESPESAS COM O PAGAMENTO DE ENCARGOS TRABALHISTAS A MGS;80;RECURSOS DO ACORDO DE REPACTUACAO DO RIO DOCE;33.224.254/0001-42;MGS MINAS GERAIS ADMINISTRACAO E SERVICOS S/A;11345,95;11345,93;11345,93;;;0,0;;0,0;;11345,95;;;;11345,93
2026;9468057;1371;SECRETARIA DE ESTADO DE MEIO AMBIENTE E DESENVOLVIMENTO SUSTENTAVEL;125;2026-03-03;1501561 000038/2025;DISPENSA DE LICITAÇÃO - LEI 14.133;37;LOCACAO DE MAO-DE-OBRA;3705;DESPESAS COM O PAGAMENTO DE ENCARGOS TRABALHISTAS A MGS;80;RECURSOS DO ACORDO DE REPACTUACAO DO RIO DOCE;33.224.254/0001-42;MGS MINAS GERAIS ADMINISTRACAO E SERVICOS S/A;2872,06;2872,03;2872,03;;;0,0;;0,0;;2872,06;;;;2872,03
2026;9468055;4251;FUNDO ESTADUAL DE ASSISTENCIA SOCIAL;128;2026-03-03;1501561 000038/2025;DISPENSA DE LICITAÇÃO - LEI 14.133;37;LOCACAO DE MAO-DE-OBRA;3704;LOCACAO DE SERVICOS DE APOIO ADMINISTRATIVO REALIZADOS PELA MGS;80;RECURSOS DO ACORDO DE REPACTUACAO DO RIO DOCE;33.224.254/0001-42;MGS MINAS GERAIS ADMINISTRACAO E SERVICOS S/A;136986,12;91324,08;76894,88;;;0,0;;0,0;;136986,12;;;;76894,88
2026;9468055;4251;FUNDO ESTADUAL DE ASSISTENCIA SOCIAL;129;2026-03-03;1501561 000038/2025;DISPENSA DE LICITAÇÃO - LEI 14.133;37;LOCACAO DE MAO-DE-OBRA;3705;DESPESAS COM O PAGAMENTO DE ENCARGOS TRABALHISTAS A MGS;80;RECURSOS DO ACORDO DE REPACTUACAO DO RIO DOCE;33.224.254/0001-42;MGS MINAS GERAIS ADMINISTRACAO E SERVICOS S/A;4860,36;2872,02;2734,17;;;0,0;;0,0;;4860,36;;;;2734,17
2026;9468055;4251;FUNDO ESTADUAL DE ASSISTENCIA SOCIAL;130;2026-03-03;1501561 000038/2025;DISPENSA DE LICITAÇÃO - LEI 14.133;37;LOCACAO DE MAO-DE-OBRA;3705;DESPESAS COM O PAGAMENTO DE ENCARGOS TRABALHISTAS A MGS;80;RECURSOS DO ACORDO DE REPACTUACAO DO RIO DOCE;33.224.254/0001-42;MGS MINAS GERAIS ADMINISTRACAO E SERVICOS S/A;17683,8;0,0;0,0;;;0,0;;0,0;;17683,8;;;;0,0
2026;9468057;1371;SECRETARIA DE ESTADO DE MEIO AMBIENTE E DESENVOLVIMENTO SUSTENTAVEL;127;2026-03-04;1501561 000038/2025;DISPENSA DE LICITAÇÃO - LEI 14.133;37;LOCACAO DE MAO-DE-OBRA;3704;LOCACAO DE SERVICOS DE APOIO ADMINISTRATIVO REALIZADOS PELA MGS;80;RECURSOS DO ACORDO DE REPACTUACAO DO RIO DOCE;33.224.254/0001-42;MGS MINAS GERAIS ADMINISTRACAO E SERVICOS S/A;239704,72;239657,26;212808,36;;;0,0;;0,0;;239704,72;;;;212808,36
2026;9468057;1371;SECRETARIA DE ESTADO DE MEIO AMBIENTE E DESENVOLVIMENTO SUSTENTAVEL;128;2026-03-04;1501561 000038/2025;DISPENSA DE LICITAÇÃO - LEI 14.133;37;LOCACAO DE MAO-DE-OBRA;3704;LOCACAO DE SERVICOS DE APOIO ADMINISTRATIVO REALIZADOS PELA MGS;80;RECURSOS DO ACORDO DE REPACTUACAO DO RIO DOCE;33.224.254/0001-42;MGS MINAS GERAIS ADMINISTRACAO E SERVICOS S/A;121843,37;121803,37;108405,0;;;0,0;;0,0;;121843,37;;;;108405,0
2026;9468057;1371;SECRETARIA DE ESTADO DE MEIO AMBIENTE E DESENVOLVIMENTO SUSTENTAVEL;129;2026-03-04;1501561 000038/2025;DISPENSA DE LICITAÇÃO - LEI 14.133;37;LOCACAO DE MAO-DE-OBRA;3704;LOCACAO DE SERVICOS DE APOIO ADMINISTRATIVO REALIZADOS PELA MGS;80;RECURSOS DO ACORDO DE REPACTUACAO DO RIO DOCE;33.224.254/0001-42;MGS MINAS GERAIS ADMINISTRACAO E SERVICOS S/A;548594,13;548590,13;487758,61;;;0,0;;0,0;;548594,13;;;;487758,61
2026;9468057;1371;SECRETARIA DE ESTADO DE MEIO AMBIENTE E DESENVOLVIMENTO SUSTENTAVEL;130;2026-03-04;1501561 000038/2025;DISPENSA DE LICITAÇÃO - LEI 14.133;37;LOCACAO DE MAO-DE-OBRA;3704;LOCACAO DE SERVICOS DE APOIO ADMINISTRATIVO REALIZADOS PELA MGS;80;RECURSOS DO ACORDO DE REPACTUACAO DO RIO DOCE;33.224.254/0001-42;MGS MINAS GERAIS ADMINISTRACAO E SERVICOS S/A;478292,81;478290,81;379111,33;;;0,0;;0,0;;478292,81;;;;379111,33
2026;9468057;1371;SECRETARIA DE ESTADO DE MEIO AMBIENTE E DESENVOLVIMENTO SUSTENTAVEL;131;2026-03-04;1501561 000038/2025;DISPENSA DE LICITAÇÃO - LEI 14.133;37;LOCACAO DE MAO-DE-OBRA;3704;LOCACAO DE SERVICOS DE APOIO ADMINISTRATIVO REALIZADOS PELA MGS;80;RECURSOS DO ACORDO DE REPACTUACAO DO RIO DOCE;33.224.254/0001-42;MGS MINAS GERAIS ADMINISTRACAO E SERVICOS S/A;391289,94;391285,94;298999,37;;;0,0;;0,0;;391289,94;;;;298999,37
2026;9468057;1371;SECRETARIA DE ESTADO DE MEIO AMBIENTE E DESENVOLVIMENTO SUSTENTAVEL;132;2026-03-04;1501561 000038/2025;DISPENSA DE LICITAÇÃO - LEI 14.133;37;LOCACAO DE MAO-DE-OBRA;3704;LOCACAO DE SERVICOS DE APOIO ADMINISTRATIVO REALIZADOS PELA MGS;80;RECURSOS DO ACORDO DE REPACTUACAO DO RIO DOCE;33.224.254/0001-42;MGS MINAS GERAIS ADMINISTRACAO E SERVICOS S/A;107742,93;107738,93;95887,65;;;0,0;;0,0;;107742,93;;;;95887,65
2026;9468055;1501;SECRETARIA DE ESTADO DE PLANEJAMENTO E GESTAO;323;2026-03-19;1501122 000123/2024;REGISTRO DE PRECO REALIZADO NO SIRP - LEI 14.133;33;PASSAGENS E DESPESAS COM LOCOMOCAO;3304;PASSAGENS - PESSOA JURIDICA;80;RECURSOS DO ACORDO DE REPACTUACAO DO RIO DOCE;01.017.250/0001-05;VOETUR TURISMO E REPRESENTACOES LTDA;30000,0;21654,25;0,0;;;0,0;;0,0;;30000,0;;;;0,0
2026;9473171;1221;SECRETARIA DE ESTADO DE DESENVOLVIMENTO ECONOMICO;1;2026-03-24;1221080 000005/2026;INEXIGIBILIDADE - LEI 14.133;39;OUTROS SERVICOS DE TERCEIROS - PESSOA JURIDICA;3963;SERVICOS DE LEVANTAMENTO E CADASTRAMENTO PARA EXECUCAO DE POL PUBLICAS;80;RECURSOS DO ACORDO DE REPACTUACAO DO RIO DOCE;47.316.645/0001-00;INSTITUTO URB7 DE REGULARIZACAO FUNDIARIA LTDA;496800,0;0,0;0,0;;;0,0;;0,0;;496800,0;;;;0,0
2026;9473171;1221;SECRETARIA DE ESTADO DE DESENVOLVIMENTO ECONOMICO;2;2026-03-24;1221080 000001/2026;INEXIGIBILIDADE - LEI 14.133;39;OUTROS SERVICOS DE TERCEIROS - PESSOA JURIDICA;3963;SERVICOS DE LEVANTAMENTO E CADASTRAMENTO PARA EXECUCAO DE POL PUBLICAS;80;RECURSOS DO ACORDO DE REPACTUACAO DO RIO DOCE;04.321.622/0001-72;INSTITUTO NACIONAL DE INOVACAO, GESTAO E SUSTENTABILIDADE - ACAO NACIO;496800,0;0,0;0,0;;;0,0;;0,0;;496800,0;;;;0,0
2026;9473171;1221;SECRETARIA DE ESTADO DE DESENVOLVIMENTO ECONOMICO;3;2026-03-25;1221080 000005/2025;INEXIGIBILIDADE - LEI 14.133;39;OUTROS SERVICOS DE TERCEIROS - PESSOA JURIDICA;3963;SERVICOS DE LEVANTAMENTO E CADASTRAMENTO PARA EXECUCAO DE POL PUBLICAS;80;RECURSOS DO ACORDO DE REPACTUACAO DO RIO DOCE;02.657.869/0001-39;GEOLINE ENGENHARIA LTDA;256779,0;0,0;0,0;;;0,0;;0,0;;256779,0;;;;0,0
2026;9473171;1221;SECRETARIA DE ESTADO DE DESENVOLVIMENTO ECONOMICO;4;2026-03-25;1221080 000001/2025;INEXIGIBILIDADE - LEI 14.133;39;OUTROS SERVICOS DE TERCEIROS - PESSOA JURIDICA;3963;SERVICOS DE LEVANTAMENTO E CADASTRAMENTO PARA EXECUCAO DE POL PUBLICAS;80;RECURSOS DO ACORDO DE REPACTUACAO DO RIO DOCE;22.442.347/0001-27;ASCENDE CONSULTORIA E PROJETOS LTDA - EPP;443078,0;0,0;0,0;;;0,0;;0,0;;443078,0;;;;0,0
2026;9473171;1221;SECRETARIA DE ESTADO DE DESENVOLVIMENTO ECONOMICO;5;2026-03-25;1221080 000004/2025;INEXIGIBILIDADE - LEI 14.133;39;OUTROS SERVICOS DE TERCEIROS - PESSOA JURIDICA;3963;SERVICOS DE LEVANTAMENTO E CADASTRAMENTO PARA EXECUCAO DE POL PUBLICAS;80;RECURSOS DO ACORDO DE REPACTUACAO DO RIO DOCE;05.874.447/0001-03;VIAVOZ LTDA;380979,0;0,0;0,0;;;0,0;;0,0;;380979,0;;;;0,0
2026;9445721;1231;SECRETARIA DE ESTADO DE AGRICULTURA, PECUARIA E ABASTECIMENTO;68;2026-03-27;1231021 000008/2026;DISPENSA DE LICITAÇÃO - LEI 14.133;39;OUTROS SERVICOS DE TERCEIROS - PESSOA JURIDICA;3999;OUTROS SERVICOS PESSOA JURIDICA;80;RECURSOS DO ACORDO DE REPACTUACAO DO RIO DOCE;19.198.118/0001-02;EMPRESA DE ASSISTENCIA TECNICA E EXTENSAO RURAL DO ESTADO DE MINAS GER;9350820,0;0,0;0,0;;;;;;;9350820,0;;;;0,0
2026;9473171;1221;SECRETARIA DE ESTADO DE DESENVOLVIMENTO ECONOMICO;6;2026-03-30;1221080 000003/2026;INEXIGIBILIDADE - LEI 14.133;39;OUTROS SERVICOS DE TERCEIROS - PESSOA JURIDICA;3963;SERVICOS DE LEVANTAMENTO E CADASTRAMENTO PARA EXECUCAO DE POL PUBLICAS;80;RECURSOS DO ACORDO DE REPACTUACAO DO RIO DOCE;34.089.983/0001-04;M DE OLIVEIRA CONSULTORIA E GESTAO DE CIDADES LTDA;521640,0;0,0;0,0;;;0,0;;0,0;;521640,0;;;;0,0
2026;9468057;1371;SECRETARIA DE ESTADO DE MEIO AMBIENTE E DESENVOLVIMENTO SUSTENTAVEL;201;2026-04-01;1501561 000038/2025;DISPENSA DE LICITAÇÃO - LEI 14.133;37;LOCACAO DE MAO-DE-OBRA;3705;DESPESAS COM O PAGAMENTO DE ENCARGOS TRABALHISTAS A MGS;80;RECURSOS DO ACORDO DE REPACTUACAO DO RIO DOCE;33.224.254/0001-42;MGS MINAS GERAIS ADMINISTRACAO E SERVICOS S/A;540,07;540,04;540,04;;;0,0;;0,0;;540,07;;;;540,04
2026;9468057;1371;SECRETARIA DE ESTADO DE MEIO AMBIENTE E DESENVOLVIMENTO SUSTENTAVEL;203;2026-04-07;1501561 000038/2025;DISPENSA DE LICITAÇÃO - LEI 14.133;37;LOCACAO DE MAO-DE-OBRA;3704;LOCACAO DE SERVICOS DE APOIO ADMINISTRATIVO REALIZADOS PELA MGS;80;RECURSOS DO ACORDO DE REPACTUACAO DO RIO DOCE;33.224.254/0001-42;MGS MINAS GERAIS ADMINISTRACAO E SERVICOS S/A;20038,46;20038,41;17834,18;;;0,0;;0,0;;20038,46;;;;17834,18
2026;9452379;2301;DEPARTAMENTO DE ESTRADAS DE RODAGEM DO ESTADO DE MINAS GERAIS;168;2026-04-10;2301762 000027/2023;CONCORRENCIA;51;OBRAS E INSTALACOES;5107;EXECUCAO DE OBRAS POR CONTRATO DE BENS NAO PATRIMONIAVEIS;80;RECURSOS DO ACORDO DE REPACTUACAO DO RIO DOCE;68.505.189/0001-08;EMCONBRAS EMPRESA DE CONSERVACAO BRASILEIRA LTDA;955001,36;955001,36;0,0;;;0,0;;23767,08;;955001,36;;;;0,0
2026;9452379;2301;DEPARTAMENTO DE ESTRADAS DE RODAGEM DO ESTADO DE MINAS GERAIS;169;2026-04-10;2301762 000001/2025;CONCORRENCIA - LEI 14.133;51;OBRAS E INSTALACOES;5107;EXECUCAO DE OBRAS POR CONTRATO DE BENS NAO PATRIMONIAVEIS;80;RECURSOS DO ACORDO DE REPACTUACAO DO RIO DOCE;19.230.918/0001-55;GUAXIMA ENGENHARIA LTDA;2559351,59;878810,21;868264,49;;;0,0;;23767,08;;2559351,59;;;;868264,49
2026;9452379;2301;DEPARTAMENTO DE ESTRADAS DE RODAGEM DO ESTADO DE MINAS GERAIS;170;2026-04-10;2301762 000001/2025;CONCORRENCIA - LEI 14.133;51;OBRAS E INSTALACOES;5107;EXECUCAO DE OBRAS POR CONTRATO DE BENS NAO PATRIMONIAVEIS;80;RECURSOS DO ACORDO DE REPACTUACAO DO RIO DOCE;59.598.029/0001-60;ENGENHARIA E COMERCIO BANDEIRANTES LTDA;38974,9;13382,9;0,0;;;0,0;;23767,08;;38974,9;;;;0,0
2026;9452379;2301;DEPARTAMENTO DE ESTRADAS DE RODAGEM DO ESTADO DE MINAS GERAIS;171;2026-04-10;2301762 000027/2023;CONCORRENCIA;51;OBRAS E INSTALACOES;5107;EXECUCAO DE OBRAS POR CONTRATO DE BENS NAO PATRIMONIAVEIS;80;RECURSOS DO ACORDO DE REPACTUACAO DO RIO DOCE;00.329.295/0001-44;EMPAV EMPREENDIMENTOS E PAVIMENTACAO LTDA;1499893,53;1137962,82;1124307,25;;;0,0;;23767,08;;1499893,53;;;;1124307,25
2026;9452379;2301;DEPARTAMENTO DE ESTRADAS DE RODAGEM DO ESTADO DE MINAS GERAIS;172;2026-04-10;2301762 000027/2023;CONCORRENCIA;51;OBRAS E INSTALACOES;5107;EXECUCAO DE OBRAS POR CONTRATO DE BENS NAO PATRIMONIAVEIS;80;RECURSOS DO ACORDO DE REPACTUACAO DO RIO DOCE;26.107.318/0001-60;E. B. O. - EMPRESA BRASILEIRA DE OBRAS LTDA;374973,38;284490,7;281076,81;;;0,0;;23767,08;;374973,38;;;;281076,81
2026;9452379;2301;DEPARTAMENTO DE ESTRADAS DE RODAGEM DO ESTADO DE MINAS GERAIS;173;2026-04-10;2301762 000006/2024;CONCORRENCIA - LEI 14.133;51;OBRAS E INSTALACOES;5107;EXECUCAO DE OBRAS POR CONTRATO DE BENS NAO PATRIMONIAVEIS;80;RECURSOS DO ACORDO DE REPACTUACAO DO RIO DOCE;17.161.464/0001-82;CIMCOP S/A ENGENHARIA E CONSTRUCOES;3990374,93;950999,87;0,0;;;0,0;;23767,08;;3990374,93;;;;0,0
2026;9452379;2301;DEPARTAMENTO DE ESTRADAS DE RODAGEM DO ESTADO DE MINAS GERAIS;174;2026-04-10;2301762 000036/2023;CONCORRENCIA;51;OBRAS E INSTALACOES;5107;EXECUCAO DE OBRAS POR CONTRATO DE BENS NAO PATRIMONIAVEIS;80;RECURSOS DO ACORDO DE REPACTUACAO DO RIO DOCE;25.955.246/0001-48;IPE ENGENHARIA LTDA;638218,99;638218,99;630560,36;;;0,0;;23767,08;;638218,99;;;;630560,36
2026;9452379;2301;DEPARTAMENTO DE ESTRADAS DE RODAGEM DO ESTADO DE MINAS GERAIS;175;2026-04-10;2301762 000036/2023;CONCORRENCIA;51;OBRAS E INSTALACOES;5107;EXECUCAO DE OBRAS POR CONTRATO DE BENS NAO PATRIMONIAVEIS;80;RECURSOS DO ACORDO DE REPACTUACAO DO RIO DOCE;42.875.401/0001-35;ABRIL CONSTRUCOES E SERVICOS LTDA;11367,77;0,0;0,0;;;0,0;;23767,08;;11367,77;;;;0,0
2026;9468055;1501;SECRETARIA DE ESTADO DE PLANEJAMENTO E GESTAO;18;2026-04-29;0000000 000000/0000;NÃO SE APLICA;33;PASSAGENS E DESPESAS COM LOCOMOCAO;3302;DESPESAS COM TRANSPORTE URBANO, PEDAGIO E ESTACIONAMETO PESSOA FISICA;80;RECURSOS DO ACORDO DE REPACTUACAO DO RIO DOCE;083.108.356/55;THAIS CRISTINA LOPES DE ARAUJO VILAS BOAS;313,95;313,95;313,95;;;0,0;;0,0;;313,95;;;;313,95
2026;9468055;1501;SECRETARIA DE ESTADO DE PLANEJAMENTO E GESTAO;19;2026-04-29;0000000 000000/0000;NÃO SE APLICA;33;PASSAGENS E DESPESAS COM LOCOMOCAO;3302;DESPESAS COM TRANSPORTE URBANO, PEDAGIO E ESTACIONAMETO PESSOA FISICA;80;RECURSOS DO ACORDO DE REPACTUACAO DO RIO DOCE;126.665.156/05;BRUNA BORONI DE PAIVA;231,83;231,83;231,83;;;0,0;;0,0;;231,83;;;;231,83
2026;9468055;1501;SECRETARIA DE ESTADO DE PLANEJAMENTO E GESTAO;20;2026-04-29;0000000 000000/0000;NÃO SE APLICA;33;PASSAGENS E DESPESAS COM LOCOMOCAO;3302;DESPESAS COM TRANSPORTE URBANO, PEDAGIO E ESTACIONAMETO PESSOA FISICA;80;RECURSOS DO ACORDO DE REPACTUACAO DO RIO DOCE;120.225.986/36;JULIA PESSOA REIS;145,97;145,97;145,97;;;0,0;;0,0;;145,97;;;;145,97
2026;9468055;1501;SECRETARIA DE ESTADO DE PLANEJAMENTO E GESTAO;21;2026-04-29;0000000 000000/0000;NÃO SE APLICA;33;PASSAGENS E DESPESAS COM LOCOMOCAO;3302;DESPESAS COM TRANSPORTE URBANO, PEDAGIO E ESTACIONAMETO PESSOA FISICA;80;RECURSOS DO ACORDO DE REPACTUACAO DO RIO DOCE;120.754.126/50;MATHEUS FILLIPE LANGANKE DE CARVALHO;114,86;114,86;114,86;;;0,0;;0,0;;114,86;;;;114,86
2026;9468055;1501;SECRETARIA DE ESTADO DE PLANEJAMENTO E GESTAO;22;2026-04-29;0000000 000000/0000;NÃO SE APLICA;33;PASSAGENS E DESPESAS COM LOCOMOCAO;3302;DESPESAS COM TRANSPORTE URBANO, PEDAGIO E ESTACIONAMETO PESSOA FISICA;80;RECURSOS DO ACORDO DE REPACTUACAO DO RIO DOCE;062.162.026/26;LUISA LACERDA CANCADO SCHNEIDER;223,95;223,95;223,95;;;0,0;;0,0;;223,95;;;;223,95
